expanded_id,batch_id,run_id,query_version,query,source_api,source_id,doi,title,year,authors,type,abstract,landing_url,pdf_url,license,oa_status,ontology_score,provisional_score,automatic_signal,decision,decision_reason,documentary_signal,actionable_signal,expanded_possible_score,queue_reason,screening_decision
X151,B04,20260831T003810Z,1.0.0,"""designing conversational agents""",OpenAlex,https://openalex.org/W3043660278,https://doi.org/10.1109/vl/hcc50065.2020.9127276,Towards Designing Conversational Agents for Pair Programming: Accounting for Creativity Strategies and Conversational Styles,2020,Sandeep Kaur Kuttal; Jarow Myers; Sam Gurka; David Magar; David Piorkowski; Rachel Bellamy,conference-paper,"Established research on pair programming reveals benefits, including increasing communication, creativity, self-efficacy, and promoting gender inclusivity. However, research has reported limitations such as finding a compatible partner, scheduling sessions between partners, and resistance to pairing. Further, pairings can be affected by predispositions to negative stereotypes. These problems can be addressed by replacing one human member of the pair with a conversational agent. To investigate the design space of such a conversational agent, we conducted a controlled remote pair programming study. Our analysis found various creative problem-solving strategies and differences in conversational styles. We further analyzed the transferable strategies from human-human collaboration to human-agent collaboration by conducting a Wizard of Oz study. The findings from the two studies helped us gain insights regarding design of a programmer conversational agent. We make recommendations for researchers and practitioners for designing pair programming conversational agent tools.",https://doi.org/10.1109/vl/hcc50065.2020.9127276,,,closed,4,5,titulo-ancora,screening-required,Automação não substitui leitura ontológica.,1,1,7,Pode alcançar o limiar 7/10 após evidência documental e contribuição aplicável.,screening-required
X152,B04,20260831T003810Z,1.0.0,"""designing conversational agents""",OpenAlex,https://openalex.org/W2907049732,https://doi.org/10.1145/3287048,FarmChat,2018,Mohit Jain; Pratyush Kumar; Ishita Bhansali; Q. Vera Liao; Khai N. Truong; Shwetak Patel,article,"Farmers constitute 54.6% of the Indian population, but earn only 13.9% of the national GDP. This gross mismatch can be alleviated by improving farmers' access to information and expert advice (e.g., knowing which seeds to sow and how to treat pests can significantly impact yield). In this paper, we report our experience of designing a conversational agent, called FarmChat, to meet the information needs of farmers in rural India. We conducted an evaluative study with 34 farmers near Ranchi in India, focusing on assessing the usability of the system, acceptability of the information provided, and understanding the user population's unique preferences, needs, and challenges in using the technology. We performed a comparative study with two different modalities: audio-only and audio+text. Our results provide a detailed understanding on how literacy level, digital literacy, and other factors impact users' preferences for the interaction modality. We found that a conversational agent has the potential to effectively meet the information needs of farmers at scale. More broadly, our results could inform future work on designing conversational agents for user populations with limited literacy and technology experience.",https://doi.org/10.1145/3287048,,,closed,3,6,sistema=2;produto-design=3,screening-required,Automação não substitui leitura ontológica.,1,0,7,Pode alcançar o limiar 7/10 após evidência documental e contribuição aplicável.,screening-required
X153,B04,20260831T003810Z,1.0.0,"""designing conversational agents""",OpenAlex,https://openalex.org/W3177181326,https://doi.org/10.1145/3459990.3460730,"“Alexa, Can I Program You?”: Student Perceptions of Conversational Artificial Intelligence Before and After Programming Alexa",2021,Jessica Van Brummelen; Viktoriya Tabunshchyk; Tommy Heng,conference-paper,"Growing up in an artificial intelligence-filled world, with Siri and Amazon Alexa often within arm’s—or speech’s—reach, could have significant impact on children. Conversational agents could influence how students anthropomorphize computer systems or develop a theory of mind. Previous research has explored how conversational agents are used and perceived by children within and outside of learning contexts. This study investigates how middle and high school students’ perceptions of Alexa change through programming their own conversational agents in week-long AI education workshops. Specifically, we investigate the workshops’ influence on student perceptions of Alexa’s intelligence, friendliness, aliveness, safeness, trustworthiness, human-likeness, and feelings of closeness. We found that students felt Alexa was more intelligent and felt closer to Alexa after the workshops. We also found strong correlations between students’ perceptions of Alexa’s friendliness and trustworthiness, and safeness and trustworthiness. We recommend designers carefully consider personification, transparency, playfulness and utility when designing conversational agents for learning contexts.",https://doi.org/10.1145/3459990.3460730,https://dl.acm.org/doi/pdf/10.1145/3459990.3460730,cc-by,hybrid,3,5,sistema=2;produto-design=2,screening-required,Automação não substitui leitura ontológica.,2,0,7,Pode alcançar o limiar 7/10 após evidência documental e contribuição aplicável.,screening-required
X154,B04,20260831T003810Z,1.0.0,"""designing conversational agents""",OpenAlex,https://openalex.org/W4412035673,https://doi.org/10.1145/3715336.3735716,Beyond ‘What’s This?’: Designing Conversational Agents to Support Children's Inquiry and Engagement in Exhibits,2025,Sohyun Park; Won‐Young Lee; Sangjun Lee; Woohun Lee,conference-paper,"Figure 1: An illustration showcasing the typical dialogue patterns between the child and the agent across the three conditions of HelloCuriosity, a system designed to investigate how agents support children's inquiry in exhibits AbstractCompetent responders to children's questions foster high-quality inquiry.While conversational agents (CAs) have been explored in various roles to support questioning, little research has examined how different agent responses shape inquiry.Children engage in exhibits not only with agents but also with surrounding objects, requiring CAs to support both inquiry and behavioral engagement-an aspect that remains underexplored.We conducted a comparative user study (N=36, ages 6-12) examining three agent types modeled after insights from our formative study: a reactive responder, a facilitative responder, and an active peer.Findings",https://doi.org/10.1145/3715336.3735716,https://dl.acm.org/doi/pdf/10.1145/3715336.3735716,cc-by,gold,4,5,titulo-ancora,screening-required,Automação não substitui leitura ontológica.,2,1,8,Pode alcançar o limiar 7/10 após evidência documental e contribuição aplicável.,screening-required
X155,B04,20260831T003810Z,1.0.0,"""designing conversational agents""",OpenAlex,https://openalex.org/W4312223248,https://doi.org/10.1038/s41598-022-27124-8,"The role of valence, dominance, and pitch in perceptions of artificial intelligence (AI) conversational agents’ voices",2022,Victor Kenji Medeiros Shiramizu; Anthony J. Lee; Daria Altenburg; David R. Feinberg; Benedict C. Jones,article,"There is growing concern that artificial intelligence conversational agents (e.g., Siri, Alexa) reinforce voice-based social stereotypes. Because little is known about social perceptions of conversational agents' voices, we investigated (1) the dimensions that underpin perceptions of these synthetic voices and (2) the role that acoustic parameters play in these perceptions. Study 1 (N = 504) found that perceptions of synthetic voices are underpinned by Valence and Dominance components similar to those previously reported for natural human stimuli and that the Dominance component was strongly and negatively related to voice pitch. Study 2 (N = 160) found that experimentally manipulating pitch in synthetic voices directly influenced dominance-related, but not valence-related, perceptions. Collectively, these results suggest that greater consideration of the role that voice pitch plays in dominance-related perceptions when designing conversational agents may be an effective method for controlling stereotypic perceptions of their voices and the downstream consequences of those perceptions.",https://doi.org/10.1038/s41598-022-27124-8,https://www.nature.com/articles/s41598-022-27124-8.pdf,cc-by,gold,3,4,sistema=2;produto-design=1,screening-required,Automação não substitui leitura ontológica.,2,1,7,Pode alcançar o limiar 7/10 após evidência documental e contribuição aplicável.,screening-required
X156,B04,20260831T003810Z,1.0.0,"""designing conversational agents""",OpenAlex,https://openalex.org/W2975028745,https://doi.org/10.48550/arxiv.1909.13443,Using Conversational Agents To Support Learning By Teaching,2019,Nalin Chhibber; Edith Law,preprint,"Conversational agents are becoming increasingly popular for supporting and facilitating learning. Conventional pedagogical agents are designed to play the role of human teachers by giving instructions to the students. In this paper, we investigate the use of conversational agents to support the 'learning-by-teaching' paradigm where the agent receives instructions from students. In particular, we introduce Curiosity Notebook: an educational application that harvests conversational interventions to facilitate students' learning. Recognizing such interventions can not only help in engaging students within learning interactions, but also provide a deeper insight into the intricacies involved in designing conversational agents for educational purposes.",http://arxiv.org/abs/1909.13443,https://arxiv.org/pdf/1909.13443,,green,3,5,sistema=2;produto-design=2,screening-required,Automação não substitui leitura ontológica.,2,0,7,Pode alcançar o limiar 7/10 após evidência documental e contribuição aplicável.,screening-required
X157,B04,20260831T003810Z,1.0.0,"""designing conversational agents""",OpenAlex,https://openalex.org/W3128474827,https://doi.org/10.1145/3421937.3422024,Designing Everyday Conversational Agents for Managing Health and Wellness,2020,Ji Youn Shin; Jina Huh,conference-paper,"Conversational agents have been developed for supporting a wide array of areas, including autonomous vehicles, decision making, and health behavior change. In the last few years, conversational agents increasingly became available as everyday technologies. This phenomenon enables opportunities for finding novel ways to support health and wellness in everyday contexts. By conducting a content analysis of 433 user reviews of Amazon Alexa's Skills, the goal of this study is two-fold: (1) Extract users' perceived strengths of conversational agents in everyday health and wellness management, (2) develop design heuristics for developing conversational agents for health and wellness. We found that the role of trustworthy content providers is critical during the adoption. The Skills enabled people to overcome logistical barriers to improving daily health and wellness routines. The findings also revealed the importance of transparency in the limitations of the Skill and how to better design command dialogues. We present the design heuristics of conversational agents, building on Nielsen's Usability Heuristics, and discuss implications for designing conversational agents that support health and wellness.",https://doi.org/10.1145/3421937.3422024,https://dl.acm.org/doi/pdf/10.1145/3421937.3422024,,gold,3,6,sistema=2;produto-design=3,screening-required,Automação não substitui leitura ontológica.,2,1,9,Pode alcançar o limiar 7/10 após evidência documental e contribuição aplicável.,screening-required
X158,B04,20260831T003810Z,1.0.0,"""designing conversational agents""",OpenAlex,https://openalex.org/W2990993838,https://doi.org/10.1177/1071181319631333,How analysts think: A preliminary study of human needs and demands for AI-based conversational agents,2019,Sam Hepenstal; B. L. William Wong; Leishi Zhang; Neesha Kodogoda,article,"For conversational agents to provide benefit to intelligence analysis they need to be able to recognise and respond to the analysts intentions. Furthermore, they must provide transparency to their algorithms and be able to adapt to new situations and lines of inquiry. We present a preliminary analysis as a first step towards developing conversational agents for intelligence analysis: that of understanding and modeling analyst intentions so they can be recognised by conversational agents. We describe in-depth interviews conducted with experienced intelligence analysts and implications for designing conversational agent intentions.",https://doi.org/10.1177/1071181319631333,https://journals.sagepub.com/doi/pdf/10.1177/1071181319631333,,bronze,3,4,sistema=2;produto-design=1,screening-required,Automação não substitui leitura ontológica.,2,1,7,Pode alcançar o limiar 7/10 após evidência documental e contribuição aplicável.,screening-required
X159,B04,20260831T003810Z,1.0.0,"""designing conversational agents""",OpenAlex,https://openalex.org/W4407063449,https://doi.org/10.4018/ijcallt.368218,Software Review,2025,Chenghao Wang; Xueyun Li,article,"D-ID Creative Reality Studio (D-ID) is a platform for creating Artificial Intelligence (AI) presenter (digital human) videos, translating videos, and designing conversational agents. D-ID seamlessly integrates deep-learning face animation technology, large language models (LLMs), natural language processing (NLP), and speech synthesis and recognition (SSR), offering new possibilities for immersive language teaching and learning. As highlighted in the slogan, “Amaze your audience with your art” (D-ID, 2024), both language learners and teachers can utilise D-ID to create personalised multimodal digital learning resources. Aligning with the interaction hypothesis (Long, 1996), a conversational agent can serve as a language partner, offering accurate linguistic input and facilitating conversational practice anytime and anywhere. Additionally, the incorporation of a digital human is consistent with the Cognitive Theory of Multimedia Learning (Mayer & Moreno, 2003), which asserts that dual-channel input—integrating visual and auditory modalities—enhances memory retention and overall learning effectiveness. This software review centres on the web-based version of D-ID and provides a detailed analysis of the main features that can contribute to second language acquisition.",https://doi.org/10.4018/ijcallt.368218,https://www.igi-global.com/ViewTitle.aspx?TitleId=368218&isxn=9798337316130,cc-by,hybrid,3,6,sistema=2;produto-design=4,screening-required,Automação não substitui leitura ontológica.,2,1,9,Pode alcançar o limiar 7/10 após evidência documental e contribuição aplicável.,screening-required
X160,B04,20260831T003810Z,1.0.0,"""designing conversational agents""",OpenAlex,https://openalex.org/W4309675387,https://doi.org/10.1109/kse56063.2022.9953771,Towards a Human-like Chatbot using Deep Adversarial Learning,2022,Quoc-Dai Luong Tran; Anh-Cuong Le; Van‐Nam Huynh,conference-paper,"Conversational agents are getting more popular and applied in a wide range of practical application areas. The main task of these agents is not only to generate context-appropriate responses to a given query but also to make the conversation human-like. Thanks to the ability of deep learning based models in natural language modeling, recent studies have made progress in designing conversational agents that can provide more semantically accurate responses. However, the naturalness in such conversation setting has not been given adequate attention in these studies. This paper aims to incorporate both important criteria of accuracy and naturalness of conversation in developing a new model for conversational agents. To this end, inspired by the idea of Turing test and the idea of adversarial learning strategy, we propose to design a model based on generative deep neural networks that interestingly allow to generate accurate responses optimized by the mechanics of imitating human-generated conversations. Experimental results demonstrate that the proposed models produce more natural and accurate responses, yielding significant gains in BLEU scores.",https://doi.org/10.1109/kse56063.2022.9953771,,,closed,3,5,sistema=3;produto-design=2,screening-required,Automação não substitui leitura ontológica.,1,1,7,Pode alcançar o limiar 7/10 após evidência documental e contribuição aplicável.,screening-required
X161,B04,20260831T003810Z,1.0.0,"""designing conversational agents""",OpenAlex,https://openalex.org/W4415861870,https://doi.org/10.1145/3757232.3757235,Design Considerations for Conversational Agents to Assess the Social-emotional Well-being of Young Children in Low-Income South African Communities,2025,Lucretia Williams; Elizabeth Ankrah; Catherine E. Draper; Caylee J. Cook; Franceli L. Cibrian; Jesús A. Beltrán; Kimberley D. Lakes; Gillian R. Hayes,conference-paper,"A variety of digital technologies have been used to support early childhood development (ECD) programs in low-income South African communities. Even though technology has provided opportunities to increase access to health interventions, the lack of trust and socio-economic constraints under which these tools would need to work pose complex challenges. We examine home visitors’ work processes, experiences, and preferences of a conversational agent to support their work of administering social-emotional well-being assessments to young children ages 0-5. Analysis of the results of focus groups with 51 home visitors indicates the need for designing conversational agents that support ECD in the cultural context of South African communities, and engaging through trust-building activities, which is essential for the sustainability of an ECD intervention. We identified that home visitors find it essential to engage in trust-building activities with caregivers through personal storytelling, community workshops, and empathetic communication. This allows home visitors to engage caregivers in using a conversational agent for their child’s social-emotional well-being assessments. Additionally, we provide key design considerations for the low-income South African community context by designing the conversational agent in local languages, cultural phrases and idioms, and to include visual elements to enhance literacy. We present design implications for designing conversational agents rooted in a foundation of trust and ways to incorporate storytelling approaches into conversational agents. This work advances the exploration of the types of complex challenges that can arise in resource-constrained settings by introducing new technical methods in innovative ways rather than refraining due to implementation and sustainability challenges.",https://doi.org/10.1145/3757232.3757235,https://dl.acm.org/doi/pdf/10.1145/3757232.3757235,,gold,3,5,sistema=2;produto-design=2,screening-required,Automação não substitui leitura ontológica.,2,1,8,Pode alcançar o limiar 7/10 após evidência documental e contribuição aplicável.,screening-required
X162,B04,20260831T003810Z,1.0.0,"""designing conversational agents""",OpenAlex,https://openalex.org/W2189560997,,"Proceedings of the 2014 workshop on Understanding and Modeling Multiparty, Multimodal Interactions",2014,Samer Al Moubayed; Dan Bohus; Anna Esposito; Dirk Heylen; Maria Koutsombogera; Harris Papageorgiou; Gabriel Skantze,other,"It is our great pleasure to welcome you to the ICMI 2014 Workshop on Understanding and Modeling Multiparty, Multimodal Interactions -- UM3I 2014. The workshop will highlight recent developments and adopted methodologies in the analysis and modeling of multiparty and multimodal interactions towards the design and implementation principles of related humanmachine interfaces. UM3I 2014 aims to explore this growing field of multiparty multimodal interaction by bridging this multidisciplinary area and bringing together researchers from domains of multimodal signal processing, dialog systems, human-computer interaction, human-robot interaction, multimodal conversation analysis and multimodal user interfaces. The call for papers attracted submissions from Asia, Europe, and the United States. The program committee reviewed and accepted the following papers: UM3I 2014 Reviewed Accepted - Full Technical Papers 8 8 100% We also encourage participants to attend the keynote talk presentation, a valuable and insightful talk that can and will guide us to a better understanding of the domain of interest: From Modeling Multimodal and Multiparty Interactions to Designing Conversational Agents, Yukiko Nakano (Seikei University)",https://dl.acm.org/action/showBook?doi=10.1145%2F2666242,,,closed,3,6,sistema=3;produto-design=4,screening-required,Automação não substitui leitura ontológica.,0,1,7,Pode alcançar o limiar 7/10 após evidência documental e contribuição aplicável.,screening-required
X163,B04,20260831T003810Z,1.0.0,"""designing conversational agents""",OpenAlex,https://openalex.org/W4405767355,https://doi.org/10.48550/arxiv.2412.17049,Modular Conversational Agents for Surveys and Interviews,2024,"James Yu; Zhao, Jinhua; Luis Miranda-Moreno; Matthew Korp",preprint,"Surveys and interviews (structured, semi-structured, or unstructured) are widely used for collecting insights on emerging or hypothetical scenarios. Traditional human-led methods often face challenges related to cost, scalability, and consistency. Recently, various domains have begun to explore the use of conversational agents (chatbots) powered by large language models (LLMs). However, as public investments and policies on infrastructure and services often involve substantial public stakes and environmental risks, there is a need for a rigorous, transparent, privacy-preserving, and cost-efficient development framework tailored for such major decision-making processes. This paper addresses this gap by introducing a modular approach and its resultant parameterized process for designing conversational agents. We detail the system architecture, integrating engineered prompts, specialized knowledge bases, and customizable, goal-oriented conversational logic in the proposed approach. We demonstrate the adaptability, generalizability, and efficacy of our modular approach through three empirical studies: (1) travel preference surveys, highlighting multimodal (voice, text, and image generation) capabilities; (2) public opinion elicitation on a newly constructed, novel infrastructure project, showcasing question customization and multilingual (English and French) capabilities; and (3) transportation expert consultation about future transportation systems, highlighting real-time, clarification request capabilities for open-ended questions, resilience in handling erratic inputs, and efficient transcript post-processing. The results show the effectiveness of this modular approach and how it addresses key ethical, privacy, security, and token consumption concerns, setting the stage for the next-generation surveys and interviews.",http://arxiv.org/abs/2412.17049,https://arxiv.org/pdf/2412.17049,cc-by,green,3,6,sistema=4;produto-design=3,screening-required,Automação não substitui leitura ontológica.,2,1,9,Pode alcançar o limiar 7/10 após evidência documental e contribuição aplicável.,screening-required
X164,B04,20260831T003810Z,1.0.0,"""designing conversational agents""",OpenAlex,https://openalex.org/W4308947461,https://doi.org/10.1186/s41239-022-00362-6,The impact of a virtual teaching assistant (chatbot) on students' learning in Ghanaian higher education,2022,Harry Barton Essel; Dimitrios Vlachopoulos; Akosua Tachie-Menson; Esi Eduafua Johnson; Papa Kwame Baah,article,"Abstract Chatbot usage is evolving rapidly in various fields, including higher education. The present study’s purpose is to discuss the effect of a virtual teaching assistant (chatbot) that automatically responds to a student’s question. A pretest–posttest design was implemented, with the 68 participating undergraduate students being randomly allocated to scenarios representing a 2 × 2 design (experimental and control cohorts). Data was garnered utilizing an academic achievement test and focus groups, which allowed more in depth analysis of the students’ experience with the chatbot. The results of the study demonstrated that the students who interacted with the chatbot performed better academically comparing to those who interacted with the course instructor. Besides, the focus group data garnered from the experimental cohort illustrated that they were confident about the chatbot’s integration into the course. The present study essentially focused on the learning of the experimental cohort and their view regarding interaction with the chatbot. This study contributes the emerging artificial intelligence (AI) chatbot literature to improve student academic performance. To our knowledge, this is the first study in Ghana to integrate a chatbot to engage undergraduate students. This study provides critical information on the use and development of virtual teaching assistants using a zero-coding technique, which is the most suitable approach for organizations with limited financial and human resources.",https://doi.org/10.1186/s41239-022-00362-6,https://educationaltechnologyjournal.springeropen.com/counter/pdf/10.1186/s41239-022-00362-6,cc-by,diamond,3,5,sistema=1;produto-design=2,screening-required,Automação não substitui leitura ontológica.,2,0,7,Pode alcançar o limiar 7/10 após evidência documental e contribuição aplicável.,screening-required
X165,B04,20260831T003810Z,1.0.0,"""designing conversational agents""",OpenAlex,https://openalex.org/W7167671417,https://doi.org/10.17705/1cais.05840,Designing Conversational Agents for Search String Development in Literature Reviews,2026,Daniel Bierschwale; Phillip O. Gottschewski-Meyer; Thorsten Schoormann; Ralf Knackstedt,article,"Developing rigorous search strings is essential for systematic literature reviews (SLRs), yet it remains challenging for young researchers and interdisciplinary teams who struggle with keyword identification, terminological heterogeneity, and database-specific syntax. While numerous tools support downstream SLR phases, search string development often lacks dedicated support. We address this gap by developing a conversational agent (CA) called STRINGI that assists search string development through structured, guided, and pedagogically informed interactions. Following a design science research approach, we conducted interviews to understand the problem space, aggregated design knowledge from multiple research streams, and instantiated 22 design features through systematic prompt engineering. We contribute a CA-based SLR support tool, a transparent design-features-to-prompt-transfer approach, and insights into the design of polyadic CA architectures. This offers potential for young researchers and students to both perform literature reviews as part of their work and develop their understanding of scientific principles and methods. The CA bridges methodological prescriptions and operational support, enabling deployment while advancing research practices and offering potential for education.",https://aisel.aisnet.org/cais/vol58/iss1/65,https://aisel.aisnet.org/context/cais/article/4804/viewcontent/SS_25_299_C.pdf,,green,4,6,titulo-ancora,screening-required,Automação não substitui leitura ontológica.,2,1,9,Pode alcançar o limiar 7/10 após evidência documental e contribuição aplicável.,screening-required
X166,B04,20260831T003810Z,1.0.0,"""designing conversational agents""",OpenAlex,https://openalex.org/W7155470358,,Designing Conversational Agents for Search String Development in Literature Reviews,2026,Daniel Bierschwale; Phillip O. Gottschewski-Meyer; Thorsten Schoormann; Ralf Knackstedt,article,"Developing rigorous search strings is essential for systematic literature reviews (SLRs), yet it remains challenging for young researchers and interdisciplinary teams who struggle with keyword identification, terminological heterogeneity, and database-specific syntax. While numerous tools support downstream SLR phases, search string development often lacks dedicated support. We address this gap by developing a conversational agent (CA) called STRINGI that assists search string development through structured, guided, and pedagogically informed interactions. Following a design science research approach, we conducted interviews to understand the problem space, aggregated design knowledge from multiple research streams, and instantiated 22 design features through systematic prompt engineering. We contribute a CA-based SLR support tool, a transparent design-features-to-prompt-transfer approach, and insights into the design of polyadic CA architectures. This offers potential for young researchers and students to both perform literature reviews as part of their work and develop their understanding of scientific principles and methods. The CA bridges methodological prescriptions and operational support, enabling deployment while advancing research practices and offering potential for education.",https://aisel.aisnet.org/cais/vol58/iss1/65,,,closed,4,6,titulo-ancora,screening-required,Automação não substitui leitura ontológica.,0,1,7,Pode alcançar o limiar 7/10 após evidência documental e contribuição aplicável.,screening-required
X167,B04,20260831T003810Z,1.0.0,"""designing conversational agents""",OpenAlex,https://openalex.org/W4200026828,https://doi.org/10.1093/geroni/igab046.476,Designing Conversational Agents to Support Self-Regulated Learning for Older Adults,2021,Jessie Chin; Smit Desai,conference-abstract,"Abstract The rapid growth of the off-the-shelf smart speakers (such as Amazon Alexa and Google Home), also called Conversational Agents (CAs), creates potential to deliver everyday life support to users at home (such as checking weather, listening to news, scheduling events). Literature demonstrated the technology acceptance of CAs among older adults (including novice users) given the low barriers to use CAs. The natural conversations among CAs and users enable the opportunities to build deeper understandings about a topic through theory-driven guided dialogues. Our study has designed the metacognition strategies in the guided dialogues of CAs to support informal self-regulated learning of health information among older adults. The study has shown the feasibility and acceptance of CAs to help older adults learn new health information on their own through these guided dialogues. Additional analyses on the feasibilities to implement different metacognitive strategies in guided dialogues in the off-the-shelf CAs were also conducted.",https://doi.org/10.1093/geroni/igab046.476,https://academic.oup.com/innovateage/article-pdf/5/Supplement_1/123/43179629/igab046.476.pdf,cc-by,gold,4,5,titulo-ancora,screening-required,Automação não substitui leitura ontológica.,2,0,7,Pode alcançar o limiar 7/10 após evidência documental e contribuição aplicável.,screening-required
X168,B04,20260831T003810Z,1.0.0,"""dialogue design"" conversational system",OpenAlex,https://openalex.org/W3012220842,https://doi.org/10.1007/s12525-020-00414-7,AI-based chatbots in customer service and their effects on user compliance,2020,Martin Adam; Michael Wessel; Alexander Benlian,article,"Abstract Communicating with customers through live chat interfaces has become an increasingly popular means to provide real-time customer service in many e-commerce settings. Today, human chat service agents are frequently replaced by conversational software agents or chatbots, which are systems designed to communicate with human users by means of natural language often based on artificial intelligence (AI). Though cost- and time-saving opportunities triggered a widespread implementation of AI-based chatbots, they still frequently fail to meet customer expectations, potentially resulting in users being less inclined to comply with requests made by the chatbot. Drawing on social response and commitment-consistency theory, we empirically examine through a randomized online experiment how verbal anthropomorphic design cues and the foot-in-the-door technique affect user request compliance. Our results demonstrate that both anthropomorphism as well as the need to stay consistent significantly increase the likelihood that users comply with a chatbot’s request for service feedback. Moreover, the results show that social presence mediates the effect of anthropomorphic design cues on user compliance.",https://doi.org/10.1007/s12525-020-00414-7,https://link.springer.com/content/pdf/10.1007/s12525-020-00414-7.pdf,cc-by,hybrid,3,6,sistema=2;produto-design=3,screening-required,Automação não substitui leitura ontológica.,2,0,8,Pode alcançar o limiar 7/10 após evidência documental e contribuição aplicável.,screening-required
X169,B04,20260831T003810Z,1.0.0,"""dialogue design"" conversational system",OpenAlex,https://openalex.org/W4256113941,https://doi.org/10.1145/965105.807504,Prototyping and simulation tools for user/computer dialogue design,1980,Paul R. Hanau; David R. Lenorovitz,article,"The design and development of user interfaces to interactive computer systems is enhanced by permitting designers to easily express their design concepts in concrete, comprehensive, and comprehensible working models. A set of prototyping and simulation tools has been developed to be used as an integral part of the specification and design process. These include an interactive display building utility and a syntax-driven interactive dialogue controller. The display builder is used to develop initial conceptual snapshots of system display appearance at selected points in the user/system dialogue. The dialogue controller interprets a grammatical description of input tools and system logic, using predrawn and dynamically constructed displays to simulate the external appearance of the desired end system.",https://doi.org/10.1145/965105.807504,https://dl.acm.org/doi/pdf/10.1145/965105.807504,public-domain,hybrid,4,6,titulo-ancora,screening-required,Automação não substitui leitura ontológica.,2,1,9,Pode alcançar o limiar 7/10 após evidência documental e contribuição aplicável.,screening-required
X170,B04,20260831T003810Z,1.0.0,"""dialogue design"" conversational system",OpenAlex,https://openalex.org/W4389148190,https://doi.org/10.1111/isj.12490,From web forms to chatbots: The roles of consistency and reciprocity for user information disclosure,2023,Martin Adam; Alexander Benlian,article,"Abstract Interactive decision aids (IDAs) on websites often require users to disclose relevant information (e.g., preferences, contact information) to help users in making decisions (e.g., product choice). With technological advances in IDAs, websites increasingly switch from static, non‐conversational IDAs (e.g., web forms) to conversational ones (e.g., chatbots) to boost user information disclosure that nurtures the websites' economic viability. While this novel form of IDAs is already widely employed in practice, information systems research has yet to examine the defining dialogue design features of conversational IDAs and their effects on eliciting user information. Drawing on persuasion theory and particularly on consistency and reciprocity as influence techniques, we develop a research model around two crucial dialogue design features of conversational IDAs. Specifically, we investigate the distinct and joint effects of conversational style (i.e., absence vs. presence of a conversational presentation of requests) and reciprocation triggers (i.e., absence vs. presence of reciprocity‐inducing information) on user information disclosure (i.e., email addresses). By combining the complementary properties of a randomised field experiment ( N = 386) and a follow‐up online experiment ( N = 182), we empirically provide evidence in support of the distinct and joint effects of conversational style and reciprocation triggers of IDAs on user information disclosure. Moreover, we demonstrate that these dialogue design features have indirect effects on information disclosure via perceptions of social presence and privacy concerns. Thus, our paper provides theoretical and practical insights into whether, how, and why critical IDA dialogue design features can better elicit user information for website services.",https://doi.org/10.1111/isj.12490,https://onlinelibrary.wiley.com/doi/pdfdirect/10.1111/isj.12490,cc-by-nc-nd,hybrid,3,6,sistema=2;produto-design=3,screening-required,Automação não substitui leitura ontológica.,2,1,9,Pode alcançar o limiar 7/10 após evidência documental e contribuição aplicável.,screening-required
X171,B04,20260831T003810Z,1.0.0,"""dialogue design"" conversational system",OpenAlex,https://openalex.org/W4214810114,https://doi.org/10.1007/s10796-022-10254-9,Designing Personality-Adaptive Conversational Agents for Mental Health Care,2022,Rangina Ahmad; Dominik Siemon; Ulrich Gnewuch; Susanne Robra-Bissantz,article,"Millions of people experience mental health issues each year, increasing the necessity for health-related services. One emerging technology with the potential to help address the resulting shortage in health care providers and other barriers to treatment access are conversational agents (CAs). CAs are software-based systems designed to interact with humans through natural language. However, CAs do not live up to their full potential yet because they are unable to capture dynamic human behavior to an adequate extent to provide responses tailored to users' personalities. To address this problem, we conducted a design science research (DSR) project to design personality-adaptive conversational agents (PACAs). Following an iterative and multi-step approach, we derive and formulate six design principles for PACAs for the domain of mental health care. The results of our evaluation with psychologists and psychiatrists suggest that PACAs can be a promising source of mental health support. With our design principles, we contribute to the body of design knowledge for CAs and provide guidance for practitioners who intend to design PACAs. Instantiating the principles may improve interaction with users who seek support for mental health issues.",https://doi.org/10.1007/s10796-022-10254-9,https://link.springer.com/content/pdf/10.1007/s10796-022-10254-9.pdf,cc-by,hybrid,3,6,sistema=2;produto-design=4,screening-required,Automação não substitui leitura ontológica.,2,1,9,Pode alcançar o limiar 7/10 após evidência documental e contribuição aplicável.,screening-required
X172,B04,20260831T003810Z,1.0.0,"""dialogue design"" conversational system",OpenAlex,https://openalex.org/W1934554381,https://doi.org/10.3990/1.9789075296006,Conversational interfaces for task-oriented spoken dialogues: design aspects influencing interaction quality,2011,Andreea I. Niculescu,dissertation,I have finally managed to come to the most read part of a PhD thesis: the acknowledgments. The list is very long since I was very fortunate to meet lots of wonderful people during the time I was doing my PhD I hope I haven't forgotten anybody! My biggest,http://dx.doi.org/10.3990/1.9789075296006,https://research.utwente.nl/files/6034369/thesis_A_Niculescu.pdf,,gold,3,6,sistema=2;produto-design=3,screening-required,Automação não substitui leitura ontológica.,2,0,8,Pode alcançar o limiar 7/10 após evidência documental e contribuição aplicável.,screening-required
X173,B04,20260831T003810Z,1.0.0,"""dialogue design"" conversational system",OpenAlex,https://openalex.org/W2901498041,https://doi.org/10.1145/3267851.3267882,Flipper 2.0,2018,Jelte van Waterschoot; Merijn Bruijnes; Jan Flokstra; Dennis Reidsma; Daniel Davison; Mariët Theune; Dirk Heylen,conference-paper,"We present anew dialogue engine called Flipper 2.0 (Flipper) which aims to help developers of embodied conversational agents (ECAs) to quickly and flexibly create dialogues. Flipper provides a technically stable and robust dialogue management system to integrate with other components of ECAs such as behaviour realisers. We compare Flipper with state-of-the-art dialogue design systems. We describe the details of our dialogue engine, how it handles dialogue management and how it supports the authoring of dialogues. We demonstrate the use of the dialogue engine with examples of design patterns and discuss practical applications. Finally we give recommendations on the cases in which it is beneficial to use Flipper.",https://doi.org/10.1145/3267851.3267882,https://dl.acm.org/doi/pdf/10.1145/3267851.3267882,cc-by,gold,3,4,sistema=2;produto-design=1,screening-required,Automação não substitui leitura ontológica.,2,1,7,Pode alcançar o limiar 7/10 após evidência documental e contribuição aplicável.,screening-required
X174,B04,20260831T003810Z,1.0.0,"""dialogue design"" conversational system",OpenAlex,https://openalex.org/W3215586954,https://doi.org/10.1145/3564269,Conversational Agents in Therapeutic Interventions for Neurodevelopmental Disorders: A Survey,2022,Fabio Catania; Micol Spitale; Franca Garzotto,article,"Neurodevelopmental Disorders (NDD) are a group of conditions with onset in the developmental period characterized by deficits in the cognitive and social areas. Conversational agents have been increasingly explored to support therapeutic interventions for people with NDD. This survey provides a structured view of the crucial design features of these systems, the types of therapeutic goals they address, and the empirical methods adopted for their evaluation. From this analysis, we elaborate a set of recommendations and highlight the gaps left unsolved in the state of the art, upon which we ground a research agenda on conversational agents for NDD.",https://doi.org/10.1145/3564269,https://dl.acm.org/doi/pdf/10.1145/3564269,,bronze,3,5,sistema=2;produto-design=2,screening-required,Automação não substitui leitura ontológica.,2,1,8,Pode alcançar o limiar 7/10 após evidência documental e contribuição aplicável.,screening-required
X175,B04,20260831T003810Z,1.0.0,"""dialogue design"" conversational system",OpenAlex,https://openalex.org/W2988574242,https://doi.org/10.1109/vitecon.2019.8899571,Human-Computer text conversation through NLP in Tamil using Intent Recognition,2019,S. Udhayakumar; Sowjanya Mani; Sneha Sivakumar; P. Rajeswari,conference-paper,"Chatbots which are also known as conversational interfaces, present a new way for individuals to interact with computer systems. A Chabot allows a user to ask questions in the same manner that they would address a human. Chatbots are currently being adopted in almost all fields. Our Chatbot aims at bridging the gap between parents and educational Institutions. Proportions of parent contribution ordinarily incorporate the quality and recurrence of correspondence with educators just as investment in organization capacities and exercises. Studies show that Parent's involvement and knowledge in their ward's performance, mainly in colleges is scanty. The main reason could be a communication i.e. either communication gap between teachers and parents, or even communication with their child could be an issue. Most parents are unaware of the happenings at college. This paper focuses on developing a Chatbot that leverages NLP by using the Dialog Flow API to answers parent's queries in the native language (Tamil) thus assisting parents in keeping track of their students' performance at college. The significant components of our Chabot incorporate intent detection, routines for conversation management, dialogue design and slot fulfilment. It also uses Flask micro framework and Pusher Channels.",https://doi.org/10.1109/vitecon.2019.8899571,,,closed,3,5,sistema=4;produto-design=2,screening-required,Automação não substitui leitura ontológica.,1,1,7,Pode alcançar o limiar 7/10 após evidência documental e contribuição aplicável.,screening-required
X176,B04,20260831T003810Z,1.0.0,"""dialogue design"" conversational system",OpenAlex,https://openalex.org/W2251606987,https://doi.org/10.18653/v1/w15-4647,Automatic Detection of Miscommunication in Spoken Dialogue Systems,2015,Raveesh Meena; José Lopes; Gabriel Skantze; Joakim Gustafson,conference-paper,"In this paper, we present a data-driven approach for detecting instances of miscommunication in dialogue system interactions. A range of generic features that are both automatically extractable and manually annotated were used to train two models for online detection and one for offline analysis. Online detection could be used to raise the error awareness of the system, whereas offline detection could be used by a system designer to identify potential flaws in the dialogue design. In experimental evaluations on system logs from three different dialogue systems that vary in their dialogue strategy, the proposed models performed substantially better than the majority class baseline models.",https://doi.org/10.18653/v1/w15-4647,https://www.aclweb.org/anthology/W15-4647.pdf,cc-by,gold,3,6,sistema=2;produto-design=3,screening-required,Automação não substitui leitura ontológica.,2,1,9,Pode alcançar o limiar 7/10 após evidência documental e contribuição aplicável.,screening-required
X177,B04,20260831T003810Z,1.0.0,"""dialogue design"" conversational system",OpenAlex,https://openalex.org/W2084421134,https://doi.org/10.1145/1452392.1452454,Embodied conversational agents for voice-biometric interfaces,2008,Álvaro Hernández-Trapote; Beatriz López-Mencía; David Díaz; Rubén Fernández Pozo; Javier Caminero,conference-paper,"In this article we present a research scheme which aims to analyze the use of Embodied Conversational Agent (ECA) technology to improve the robustness and acceptability of speaker enrolment and verification dialogues designed to provide secure access through natural and intuitive speaker recognition. In order to find out the possible effects of the visual information channel provided by the ECA, tests were carried out in which users were divided into two groups, each interacting with a different interface (metaphor): an ECA Metaphor group -with an ECA-, and a VOICE Metaphor group -without an ECA-. Our evaluation methodology is based on the ITU-T P.851 recommendation for spoken dialogue system evaluation, which we have complemented to cover particular aspects with regard to the two major extra elements we have incorporated: secure access and an ECA. Our results suggest that likeability-type factors and system capabilities are perceived more positively by the ECA metaphor users than by the VOICE metaphor users. However, the ECA's presence seems to intensify users' privacy concerns.",http://oa.upm.es/4310/,,cc-by-nc-nd,green,3,6,sistema=4;produto-design=3,screening-required,Automação não substitui leitura ontológica.,1,1,8,Pode alcançar o limiar 7/10 após evidência documental e contribuição aplicável.,screening-required
X178,B04,20260831T003810Z,1.0.0,"""dialogue design"" conversational system",OpenAlex,https://openalex.org/W4417332296,https://doi.org/10.3390/technologies13120591,Turn-Taking Modelling in Conversational Systems: A Review of Recent Advances,2025,Rutherford Agbeshi Patamia; Ha Pham Thien Dinh; Ming Liu; Akansel Cosgun,article,"Effective turn-taking is fundamental to conversational interactions, shaping the fluidity of communication across human dialogues and interactions with spoken dialogue systems (SDS). Despite its apparent simplicity, conversational turn-taking involves complex timing mechanisms influenced by various linguistic, prosodic, and multimodal cues. This review synthesises recent theoretical insights and practical advancements in understanding and modelling conversational timing dynamics, emphasising critical phenomena such as voice activity (VA), turn floor offsets (TFO), and predictive turn-taking. We first discuss foundational concepts, such as voice activity detection (VAD) and inter-pausal units (IPUs), and highlight their significance for systematically representing dialogue states. Central to the challenge of interactive systems is distinguishing moments when conversational roles shift versus when they remain with the current speaker, encapsulated by the concepts of “hold” and “shift”. The timing of these transitions, measured through Turn Floor Offsets (TFOs), aligns closely with minimal human reaction times, suggesting biological underpinnings while exhibiting cross-linguistic variability. This review further explores computational turn-taking heuristics and models, noting that simplistic strategies may reduce interruptions yet risk introducing unnatural delays. Integrating multimodal signals, prosodic, verbal, visual, and predictive mechanisms is emphasised as essential for future developments in achieving human-like conversational responsiveness.",https://doi.org/10.3390/technologies13120591,https://www.mdpi.com/2227-7080/13/12/591/pdf?version=1765813800,cc-by,gold,3,6,sistema=2;produto-design=3,screening-required,Automação não substitui leitura ontológica.,2,1,9,Pode alcançar o limiar 7/10 após evidência documental e contribuição aplicável.,screening-required
X179,B04,20260831T003810Z,1.0.0,"""dialogue design"" conversational system",OpenAlex,https://openalex.org/W2036109579,https://doi.org/10.3115/1610065.1610074,Design and validation of ECA gestures to improve dialogue system robustness,2007,Beatriz López; Álvaro Hernández; David Díaz; Rubén Fernández Pozo; Luis Hernández; Doroteo Torre,conference-paper,"In this paper we present validation tests that we have carried out on gestures that we have designed for an embodied conversational agent (ECAs), to assess their soundness with a view to applying said gestures in a forthcoming experiment to explore the possibilities ECAs can offer to overcome typical robustness problems in spoken language dialogue systems (SLDSs). The paper is divided into two parts: First we carry our a literature review to acquire a sense of the extent to which ECAs can help overcome user frustration during human-machine interaction. Then we associate tentative, yet specific, ECA gestural behaviour with each of the main dialogue stages, with special emphasis on problem situations. In the second part we describe the tests we have carried out to validate our ECA's gestural repertoire. The results obtained show that users generally understand and naturally accept the gestures, to a reasonable degree. This encourages us to proceed with the next stage of research: evaluating the gestural strategy in real dialogue situations with the aim of learning about how to favour a more efficient and pleasant dialogue flow for the users.",https://doi.org/10.3115/1610065.1610074,http://dl.acm.org/ft_gateway.cfm?id=1610074&type=pdf,,gold,3,5,sistema=2;produto-design=2,screening-required,Automação não substitui leitura ontológica.,2,0,7,Pode alcançar o limiar 7/10 após evidência documental e contribuição aplicável.,screening-required
X180,B04,20260831T003810Z,1.0.0,"""dialogue design"" conversational system",OpenAlex,https://openalex.org/W4309048682,https://doi.org/10.48550/arxiv.2211.06402,Behaviour Trees for Creating Conversational Explanation Experiences,2022,Anjana Wijekoon; David Corsar; Nirmalie Wiratunga,preprint,"This paper presented an XAI system specification and an interactive dialogue model to facilitate the creation of Explanation Experiences (EE). Such specifications combine the knowledge of XAI, domain and system experts of a use case to formalise target user groups and their explanation needs and to implement explanation strategies to address those needs. Formalising the XAI system promotes the reuse of existing explainers and known explanation needs that can be refined and evolved over time using user evaluation feedback. The abstract EE dialogue model formalised the interactions between a user and an XAI system. The resulting EE conversational chatbot is personalised to an XAI system at run-time using the knowledge captured in its XAI system specification. This seamless integration is enabled by using Behaviour Trees (BT) to conceptualise both the EE dialogue model and the explanation strategies. In the evaluation, we discussed several desirable properties of using BTs over traditionally used STMs or FSMs. BTs promote the reusability of dialogue components through the hierarchical nature of the design. Sub-trees are modular, i.e. a sub-tree is responsible for a specific behaviour, which can be designed in different levels of granularity to improve human interpretability. The EE dialogue model consists of abstract behaviours needed to capture EE, accordingly, it can be implemented as a conversational, graphical or text-based interface which caters to different domains and users. There is a significant computational cost when using BTs for modelling dialogue, which we mitigate by using memory. Overall, we find that the ability to create robust conversational pathways dynamically makes BTs a good candidate for designing and implementing conversation for creating explanation experiences.",http://arxiv.org/abs/2211.06402,https://arxiv.org/pdf/2211.06402,,green,3,6,sistema=1;produto-design=6,screening-required,Automação não substitui leitura ontológica.,2,1,9,Pode alcançar o limiar 7/10 após evidência documental e contribuição aplicável.,screening-required
X181,B04,20260831T003810Z,1.0.0,"""dialogue design"" conversational system",OpenAlex,https://openalex.org/W2998670453,,"Towards the Learning, Perception, and Effectiveness of Teachable Conversational Agents",2019,Nalin Chhibber,dissertation,"The traditional process of building interactive machine learning systems can be viewed as a teacher-learner interaction scenario where the machine-learners are trained by one or more human-teachers. In this work, we explore if teachable AI agents can reliably learn from human-teachers through conversational interactions, how this teaching process affects a teacher's performance in the task, and their trust on the agent. \nWe introduce a teachable agent named Kai, that learns to classify news articles while also guiding the teaching process through conversational interventions. In a three-part study, where several crowdworkers individually teach Kai, we investigate whether this Learning by Teaching approach creates reliable machine learners, improves Turkers' performance and leads to trustable AI agents that crowdworkers would use. We present and discuss the results of the underlying classifier built from conversational interactions with other text classification algorithms. We also provide an evaluation of how crowdworkers perform a text classification before and after interacting with a teachable agent. Finally, we investigate the notion of trust that crowdworkers exhibit for their teachable agents in terms of delegating the work involving monetary compensation. Together, our results demonstrate the benefits of Learning by Teaching approach, in terms of the performance of the AI agent, the crowdworkers, and the dynamics of trust built from the teacher-learner interaction.",http://hdl.handle.net/10012/15361,https://uwspace.uwaterloo.ca/bitstream/10012/15361/3/Chhibber_Nalin.pdf,,green,3,5,sistema=2;produto-design=2,screening-required,Automação não substitui leitura ontológica.,2,1,8,Pode alcançar o limiar 7/10 após evidência documental e contribuição aplicável.,screening-required
X182,B04,20260831T003810Z,1.0.0,"""dialogue design"" conversational system",OpenAlex,https://openalex.org/W20794055,,Evaluation of ECA Gesture strategies for robust Human-Computer Interaction,2008,Beatriz López-Mencía; Álvaro Hernández-Trapote; David Díaz Pardo de Vera; Luis A. Hernández Gómez; María del Carmen Rodríguez Gancedo; José Relaño Gil,article,"Embodied Conversational Agents (ECAs) offer us the possibility to design pleasant and efficient human-machine interaction. In this paper we present an evaluation scheme to compare dialogue-based speaker authentication and information retrieval systems with and without ECAs on the interface. We used gestures and other visual cues to improve fluency and robustness of interaction with these systems. Our tests results suggest that when an ECA is present users perceive fewer system errors, their frustration levels are lower, turn-changing goes more smoothly, the interaction experience is more enjoyable, and system capabilities are generally perceived more positively than when no ECA is present. However, the ECA seems to intensify the users' privacy concerns.",http://oa.upm.es/2854/,https://oa.upm.es/2854/2/INVE_MEM_2008_59631.pdf,,green,3,6,sistema=2;produto-design=4,screening-required,Automação não substitui leitura ontológica.,2,1,9,Pode alcançar o limiar 7/10 após evidência documental e contribuição aplicável.,screening-required
X183,B04,20260831T003810Z,1.0.0,"""dialogue design"" conversational system",OpenAlex,https://openalex.org/W4388916531,https://doi.org/10.2196/51571,Investigating the Potential of a Conversational Agent (Phyllis) to Support Adolescent Health and Overcome Barriers to Physical Activity: Co-Design Study,2023,Richard W. Moore; Abdel-Karim Al-Tamimi; Elizabeth Freeman,article,"BACKGROUND: Conversational agents (CAs) are a promising solution to support people in improving physical activity (PA) behaviors. However, there is a lack of CAs targeted at adolescents that aim to provide support to overcome barriers to PA. This study reports the results of the co-design, development, and evaluation of a prototype CA called ""Phyllis"" to support adolescents in overcoming barriers to PA with the aim of improving PA behaviors. The study presents one of the first theory-driven CAs that use existing research, a theoretical framework, and a behavior change model. OBJECTIVE: The aim of the study is to use a mixed methods approach to investigate the potential of a CA to support adolescents in overcoming barriers to PA and enhance their confidence and motivation to engage in PA. METHODS: The methodology involved co-designing with 8 adolescents to create a relational and persuasive CA with a suitable persona and dialogue. The CA was evaluated to determine its acceptability, usability, and effectiveness, with 46 adolescents participating in the study via a web-based survey. RESULTS: The co-design participants were students aged 11 to 13 years, with a sex distribution of 56% (5/9) female and 44% (4/9) male, representing diverse ethnic backgrounds. Participants reported 37 specific barriers to PA, and the most common barriers included a ""lack of confidence,"" ""fear of failure,"" and a ""lack of motivation."" The CA's persona, named ""Phyllis,"" was co-designed with input from the students, reflecting their preferences for a friendly, understanding, and intelligent personality. Users engaged in 61 conversations with Phyllis and reported a positive user experience, and 73% of them expressed a definite intention to use the fully functional CA in the future, with a net promoter score indicating a high likelihood of recommendation. Phyllis also performed well, being able to recognize a range of different barriers to PA. The CA's persuasive capacity was evaluated in modules focusing on confidence and motivation, with a significant increase in students' agreement in feeling confident and motivated to engage in PA after interacting with Phyllis. Adolescents also expect to have a personalized experience and be able to personalize all aspects of the CA. CONCLUSIONS: The results showed high acceptability and a positive user experience, indicating the CA's potential. Promising outcomes were observed, with increasing confidence and motivation for PA. Further research and development are needed to create further interventions to address other barriers to PA and assess long-term behavior change. Addressing concerns regarding bias and privacy is crucial for achieving acceptability in the future. The CA's potential extends to health care systems and multimodal support, providing valuable insights for designing digital health interventions including tackling global inactivity issues among adolescents.",https://doi.org/10.2196/51571,,cc-by,gold,3,6,sistema=2;produto-design=5,screening-required,Automação não substitui leitura ontológica.,1,1,8,Pode alcançar o limiar 7/10 após evidência documental e contribuição aplicável.,screening-required
X184,B04,20260831T003810Z,1.0.0,"""dialogue design"" conversational system",OpenAlex,https://openalex.org/W4414302454,https://doi.org/10.14710/southsight.202526091,Exploring How AI-Powered Chatbots Enhance Data-Driven Marketing Communication and Customer Engagement,2025,Asep Koswara,article,"AI-powered chatbots have emerged as essential tools for enhancing data-driven communication and customer engagement in the evolving digital marketing landscape. This study explores how chatbots contribute to marketing strategies by analyzing real-world chatbot interactions across various industries, including e-commerce, food delivery, finance, and entertainment. Using a qualitative content analysis approach grounded in the Technology Acceptance Model (TAM) and CRM theory, the research identifies key themes such as personalization, dialogue structure, promotional strategies, and feedback mechanisms. Findings reveal that successful chatbot implementations—like those from HelloFresh, Just Eat UK, Spotify, and ProProfs—leverage context-aware prompts, hybrid input options, and transparent communication to boost customer satisfaction and brand loyalty. Moreover, chatbots that integrate closed-loop feedback systems and behavioral data collection enable businesses to refine their marketing tactics continuously. However, limitations such as poor conversational flow and lack of escalation options can hinder user experience. The study offers practical guidelines for effective chatbot design and suggests future research on integrating chatbots into omnichannel systems and evaluating their long-term impact on customer retention and business performance. This paper provides a strategic roadmap for businesses aiming to maximize the value of conversational AI in digital marketing.",https://doi.org/10.14710/southsight.202526091,https://ejournal2.undip.ac.id/index.php/southsight/article/download/26091/12306,cc-by-sa,hybrid,3,6,sistema=2;produto-design=4,screening-required,Automação não substitui leitura ontológica.,2,1,9,Pode alcançar o limiar 7/10 após evidência documental e contribuição aplicável.,screening-required
X185,B04,20260831T003810Z,1.0.0,"""dialogue design"" conversational system",OpenAlex,https://openalex.org/W4400172730,https://doi.org/10.36948/ijfmr.2024.v06i03.23226,12 Conversational Archetypes for Human-AI Interaction,2024,Shridhar Marri,article,"Artificial Intelligence (AI), once exclusive to sophisticated technological spheres, now plays a transformative role across all aspects of society, driving significant progress and innovation. In this backdrop, basic conversational interface aka chat emerged as the easiest, and the simplest way to interact with AI systems. However, the current Human-AI conversations are fraught with a host of challenges necessitating a critical exploration into their design, approach, and implications. As AI technologies continue to permeate our lives, the need for seamless, intuitive, and human-like conversations is amplified. While our larger research embarks on a research study to suggest a conceptual framework to help design more effective and engaging Human-AI conversations, this paper focuses on a critical aspect that surfaced as a primary gap during our literature review. Conversations are effective and engaging only when their fundamental purpose is identified and understood by their participants. Hence, formulating a purpose driven conversational typology emerged as a key design imperative to inform an array of frameworks that could help create meaningful Human-AI conversations. This study evaluates a dataset of over hundred Human-AI and Human-to-Human conversations, proposing twelve conversational archetypes central to a conceptual framework intended to enhance Human-AI conversations. Employing a hybrid methodology that integrates content analysis with case study research, this paper examines the issue from a human perspective. It aims to provide a useful resource for designers, developers, researchers, and industry professionals who seek to foster deeper connections and trust in human-AI interactions.",https://doi.org/10.36948/ijfmr.2024.v06i03.23226,https://www.ijfmr.com/papers/2024/3/23226.pdf,cc-by-sa,hybrid,3,6,sistema=1;produto-design=3,screening-required,Automação não substitui leitura ontológica.,2,1,9,Pode alcançar o limiar 7/10 após evidência documental e contribuição aplicável.,screening-required
X186,B04,20260831T003810Z,1.0.0,"""dialogue design"" conversational system",OpenAlex,https://openalex.org/W4415251041,https://doi.org/10.1145/3757655,Script-Strategy Aligned Generation: Aligning LLMs with Expert-Crafted Dialogue Scripts and Therapeutic Strategies for Psychotherapy,2025,Xin Sun; Jan de Wit; Zhuying Li; Jiahuan Pei; Abdallah El Ali; Jos A. Bosch,article,"Chatbots or conversational agents (CAs) are increasingly used to improve access to digital psychotherapy. Many current systems rely on rigid, rule-based designs, heavily dependent on expert-crafted dialogue scripts for guiding therapeutic conversations. Although advances in large language models (LLMs) offer potential for more flexible interactions, their lack of controllability and explanability poses challenges in high-stakes contexts like psychotherapy. To address this, we conducted two studies in this work to explore how aligning LLMs with expert-crafted scripts can enhance psychotherapeutic chatbot performance. In Study 1 (N=43), an online experiment with a within-subjects design, we compared rule-based, pure LLM, and LLMs aligned with expert-crafted scripts via fine-tuning and prompting. Results showed that aligned LLMs significantly outperformed the other types of chatbots in empathy, dialogue relevance, and adherence to therapeutic principles. Building on findings, we proposed ''Script-Strategy Aligned Generation (SSAG)'', a more flexible alignment approach that reduces reliance on fully scripted content while maintaining LLMs' therapeutic adherence and controllability. In a 10-day field Study 2 (N=21), SSAG achieved comparable therapeutic effectiveness to full-scripted LLMs while requiring less than 40% of expert-crafted dialogue content. Beyond these results, this work advances LLM applications in psychotherapy by providing a controllable and scalable solution, reducing reliance on expert effort. By enabling domain experts to align LLMs through high-level strategies rather than full scripts, SSAG supports more efficient co-development and expands access to a broader context of psychotherapy.",https://doi.org/10.1145/3757655,https://dl.acm.org/doi/pdf/10.1145/3757655,cc-by-nc-nd,hybrid,3,6,sistema=4;produto-design=3,screening-required,Automação não substitui leitura ontológica.,2,1,9,Pode alcançar o limiar 7/10 após evidência documental e contribuição aplicável.,screening-required
X187,B04,20260831T003810Z,1.0.0,"""dialogue design"" conversational system",OpenAlex,https://openalex.org/W4402731338,https://doi.org/10.3390/fi16090344,"Alquist 5.0: Dialogue Trees Meet Generative Models, a Novel Approach for Enhancing SocialBot Conversations",2024,Ondřej Kobza; David Herel; Jan Cuhel; Tommaso Gargiani; Petr Marek; Ján Šedivý,article,"This article introduces Alquist 5.0, our SocialBot that was designed for the Alexa Prize SocialBot Grand Challenge 5. Building upon previous iterations, we present the integration of our novel neural response generator (NRG) Barista within a hybrid architecture that combines traditional predefined dialogues with advanced neural response generation. We provide a comprehensive analysis of the current state-of-the-art NRGs and large language models (LLMs), leveraging these insights to enhance Barista’s capabilities. A key focus of our development was in ensuring the safety of our chatbot and implementing robust measures to prevent profanity and inappropriate content. Additionally, we incorporated a new search engine to improve information retrieval and response accuracy. Expanding the capabilities of our system, we designed Alquist 5.0 to accommodate multimodal devices, utilizing APL templates enriched with custom features to deliver an outstanding conversational experience complemented by an excellent user interface. This paper offers detailed insights into the development of Alquist 5.0, which effectively addresses evolving user demands while preserving its empathetic and knowledgeable conversational prowess across a wide range of topics.",https://doi.org/10.3390/fi16090344,https://www.mdpi.com/1999-5903/16/9/344/pdf?version=1727321031,cc-by,gold,3,6,sistema=1;produto-design=3,screening-required,Automação não substitui leitura ontológica.,2,1,9,Pode alcançar o limiar 7/10 após evidência documental e contribuição aplicável.,screening-required
X188,B04,20260831T003810Z,1.0.0,"""dialogue design"" conversational system",OpenAlex,https://openalex.org/W2345834020,,Data-driven Repair Models for Text Chat with Language Learners,2016,Sviatlana Höhn,dissertation,"This research analyses participants' orientation to linguistic identities in chat and introduces data-driven computational models for communicative Intelligent Computer-Assisted Language Learning (communicative ICALL). Based on non-pedagogical chat conversations between native speakers and non-native speakers, computational models of the following types are presented: exposed and embedded corrections, explanations of unknown words following learner's request. Conversation Analysis helped to obtain patterns from a corpus of dyadic chat conversations in a longitudinal setting, bringing together German native speakers and advanced learners of German as a foreign language. More specifically, this work states a bottom-up, data-driven research design which takes “conversation” from its genuine personalised dyadic environment to a model of a conversational agent. It allows for an informal functional specification of such an agent to which a technical specification for two specific repair types is provided. Starting with the open research objective to create a machine that behaves like a language expert in an informal conversation, this research shows that various forms of orientation to linguistic identities are on participants' disposal in chat. In addition it shows that dealing with computational complexity can be approached by a separation between local models of specific practices and a high-level regulatory mechanism to activate them. More specifically, this work shows that learners' repair initiations may be analysed as turn formats containing resources for signalling trouble and referencing trouble source. Based on this finding, this work shows how computational models for recognition of the repair initiations and trouble source extraction can be formalised and implemented in a chatbot. Further, this work makes clear which level of description of error corrections is required to satisfy computational needs, and how these descriptions may be transformed to patterns for various error correction formats and which technological requirements they imply. Finally, this research shows which factors in interaction influence the decision to correct and how the creation of a high-level decision model for error correction in a Conversation-for-Learning can be approached. In sum, this research enriches the landscape of various communication setups between language learners and communicative ICALL systems explicitly covering Conversations-for-Learning. It strengthens multidisciplinary connections by showing how the multidisciplinary research field of ICALL benefits from including Conversation Analysis into the research paradigm. It highlights the impact of the micro-analytic understanding of actions accomplished by utterances in talk within a specific speech exchange system on computational modelling on the example of chat with language learners.",https://orbilu.uni.lu/handle/10993/27057,,other-oa,green,3,6,sistema=2;produto-design=3,screening-required,Automação não substitui leitura ontológica.,0,1,7,Pode alcançar o limiar 7/10 após evidência documental e contribuição aplicável.,screening-required
X189,B04,20260831T003810Z,1.0.0,"""dialogue design"" conversational system",OpenAlex,https://openalex.org/W4415161422,https://doi.org/10.1007/s44163-025-00521-4,Exploring conversational agents for novice programmers: a scoping review,2025,Chrakhan Barzanji; Claudia Loitsch,article,"Abstract Background Educational mediums are evolving rapidly due to technological advancements and the increasing availability of digital resources. A significant trend in education is the integration of technologies like Conversational Agents (CAs), often referred to as Chatbots, as supplementary tools to enhance learning experiences. Despite their growing application, comprehensive reviews of their design methodologies, implementation strategies, pedagogical foundations, and data management practices in introductory programming education remain scarce. Objective This scoping review aims to explore and map the existing literature on educational CAs developed for programming education, analyzing publication characteristics (e.g., distribution and research designs) and prototype characteristics (e.g., implementation techniques and focus areas), as well as how these systems extend support beyond academic learning. Inclusion criteria The review includes studies on educational CAs designed to assist in teaching introductory computer science and programming courses, published in English between January 2019 and June 2024. Studies focusing on commercial products, code generators, or non-novice programmers were excluded. Methods A total of 743 citations were identified through searches in recognized digital databases. After screening and applying inclusion criteria, 23 studies were selected for this scoping review, following the PRISMA-ScR framework. Results This review provides a comprehensive overview of the use of CAs in programming education, highlighting the diverse technologies, pedagogical approaches, and interaction methods employed to support novice programmers. Conclusions Advancements in large language models (LLMs) and AI technologies have significantly enhanced the potential of CAs to transform programming education by offering personalized assistance, real-time feedback, and adaptive learning experiences. However, challenges related to scalability, usability, and inclusivity must be addressed. In addition, this review proposes actionable recommendations to guide future research and design practices.",https://doi.org/10.1007/s44163-025-00521-4,https://link.springer.com/content/pdf/10.1007/s44163-025-00521-4.pdf,cc-by,gold,3,6,sistema=4;produto-design=4,screening-required,Automação não substitui leitura ontológica.,2,1,9,Pode alcançar o limiar 7/10 após evidência documental e contribuição aplicável.,screening-required
X190,B04,20260831T003810Z,1.0.0,"""chatbot design"" user experience",OpenAlex,https://openalex.org/W3022161378,https://doi.org/10.1007/s41233-020-00033-2,Users' experiences with chatbots: findings from a questionnaire study,2020,Asbjørn Følstad; Petter Bae Brandtzæg,article,"Abstract For chatbots to be broadly adopted by users, it is critical that they are experienced as useful and pleasurable. While there is an emerging body of research concerning user uptake and use of chatbots, there is a lack of theoretically grounded studies detailing what constitutes good or poor chatbot user experiences. In this paper, we present findings from a questionnaire study involving more than 200 chatbot users who reported on episodes of chatbot use that they found particularly satisfactory or frustrating. The user reports were analysed with basis in theory on user experience, with particular concern for pragmatic and hedonic attributes. We found that pragmatic attributes such as efficient assistance (positive) and problems with interpretation (negative) were important elements in user reports of satisfactory and frustrating episodes. Hedonic attributes such as entertainment value (positive) and strange and rude responses (negative) were also frequently mentioned. Older participants tended to report on pragmatic attributes more often, whereas younger participants tended to report on hedonic attributes more often. Drawing on the findings, we propose four high-level lessons learnt that may benefit chatbot service providers, and we suggest relevant future research.",https://doi.org/10.1007/s41233-020-00033-2,https://link.springer.com/content/pdf/10.1007/s41233-020-00033-2.pdf,cc-by,hybrid,3,5,sistema=2;produto-design=2,screening-required,Automação não substitui leitura ontológica.,2,1,8,Pode alcançar o limiar 7/10 após evidência documental e contribuição aplicável.,screening-required
X191,B04,20260831T003810Z,1.0.0,"""chatbot design"" user experience",OpenAlex,https://openalex.org/W3033211403,https://doi.org/10.3390/healthcare8020154,AI Chatbot Design during an Epidemic like the Novel Coronavirus,2020,Gopi Battineni; Nalini Chintalapudi; Francesco Amenta,article,"Since the discovery of the Coronavirus (nCOV-19), it has become a global pandemic. At the same time, it has been a great challenge to hospitals or healthcare staff to manage the flow of the high number of cases. Especially in remote areas, it is becoming more difficult to consult a medical specialist when the immediate hit of the epidemic has occurred. Thus, it becomes obvious that if effectively designed and deployed chatbot can help patients living in remote areas by promoting preventive measures, virus updates, and reducing psychological damage caused by isolation and fear. This study presents the design of a sophisticated artificial intelligence (AI) chatbot for the purpose of diagnostic evaluation and recommending immediate measures when patients are exposed to nCOV-19. In addition, presenting a virtual assistant can also measure the infection severity and connects with registered doctors when symptoms become serious.",https://doi.org/10.3390/healthcare8020154,https://www.mdpi.com/2227-9032/8/2/154/pdf?version=1591947503,cc-by,gold,4,6,titulo-ancora,screening-required,Automação não substitui leitura ontológica.,2,1,9,Pode alcançar o limiar 7/10 após evidência documental e contribuição aplicável.,screening-required
X192,B04,20260831T003810Z,1.0.0,"""chatbot design"" user experience",OpenAlex,https://openalex.org/W2888368812,https://doi.org/10.5120/ijca2018917606,Review of Chatbots Design Techniques,2018,Nahdatul Akma; Mohamad Hafiz; Azaliza Zainal; Muhammad Fairuz; Zuraidy Adnan,article,"Recently, the development of conversational system as a medium of conversation between human and computer have made a great stride. This human and computer communication has covered the way for enormous natural language processing techniques. A chatbot is a computer system that allows human to interact with computer using natural language. The chatbots system are widely used in various field such as in businesses, education, healthcare and many more. The design and development of chatbots involves variety of techniques. Therefore, in this paper, we presents the review of techniques used to design Chatbots. A few examples of chatbots design is also discussed to give an understanding on how chatbots works and what are the type of approaches available for chatbots development. With rapid development in Chatbots technology, it is hoped that it could complement human constraints and optimize the productivity.",https://doi.org/10.5120/ijca2018917606,https://doi.org/10.5120/ijca2018917606,,diamond,3,5,sistema=2;produto-design=2,screening-required,Automação não substitui leitura ontológica.,2,0,7,Pode alcançar o limiar 7/10 após evidência documental e contribuição aplicável.,screening-required
X193,B04,20260831T003810Z,1.0.0,"""chatbot design"" user experience",OpenAlex,https://openalex.org/W4206735990,https://doi.org/10.1145/3487193,Chatbots Language Design: The Influence of Language Variation on User Experience with Tourist Assistant Chatbots,2022,Ana Paula Chaves; Jesse Egbert; Toby Dylan Hocking; Eck Doerry; Marco Aurélio Gerosa,article,"Chatbots are often designed to mimic social roles attributed to humans. However, little is known about the impact of using language that fails to conform to the associated social role. Our research draws on sociolinguistic to investigate how a chatbot’s language choices can adhere to the expected social role the agent performs within a context. We seek to understand whether chatbots design should account for linguistic register. This research analyzes how register differences play a role in shaping the user’s perception of the human-chatbot interaction. We produced parallel corpora of conversations in the tourism domain with similar content and varying register characteristics and evaluated users’ preferences of chatbot’s linguistic choices in terms of appropriateness, credibility, and user experience. Our results show that register characteristics are strong predictors of user’s preferences, which points to the needs of designing chatbots with register-appropriate language to improve acceptance and users’ perceptions of chatbot interactions.",https://doi.org/10.1145/3487193,,,closed,3,6,sistema=2;produto-design=4,screening-required,Automação não substitui leitura ontológica.,1,0,7,Pode alcançar o limiar 7/10 após evidência documental e contribuição aplicável.,screening-required
X194,B04,20260831T003810Z,1.0.0,"""chatbot design"" user experience",OpenAlex,https://openalex.org/W2974974847,https://doi.org/10.1007/s42486-019-00012-3,A survey on construction and enhancement methods in service chatbots design,2019,Zhenhui Peng; Shuai Ma,article,,http://www.scopus.com/record/display.url?eid=2-s2.0-85085757561&origin=inward,http://repository.ust.hk/ir/Record/1783.1-101785,,green,3,5,sistema=2;produto-design=2,screening-required,Automação não substitui leitura ontológica.,2,0,7,Pode alcançar o limiar 7/10 após evidência documental e contribuição aplicável.,screening-required
X195,B04,20260831T003810Z,1.0.0,"""chatbot design"" user experience",OpenAlex,https://openalex.org/W3211331792,https://doi.org/10.1080/17543266.2021.1990417,Chatbot design approaches for fashion E-commerce: an interdisciplinary review,2021,A. R. D. B. Landim; A. M. Pereira; Thales Vieira; Evandro Costa; J. A. B. Moura; Vanissa Wanick; Eirini Bazaki,article,"Chatbots can bring innovation in online assistance and communication with customers. Due to the growth of e-commerce, fashion brands have been adopting chatbots to provide personalised consumer experiences. Research in the area of chatbots for fashion e-commerce has addressed technological advancements and consumer behaviour, but little has been done on analysing chatbot features through a holistic point of view. The aim of this paper is to offer an interdisciplinary review through a comprehensive categorisation of recent studies on the theme and inform future research in the area. To achieve that, a theme-based literature review was carried out through the analysis of specialised research. The collected work was categorised addressing both computational and non-computational perspectives. The findings show that Deep Learning, recommendation systems, audio recognition and integration of chatbots with other fashion applications are a few design opportunities to be applied in both research and practice.",https://doi.org/10.1080/17543266.2021.1990417,https://www.tandfonline.com/doi/pdf/10.1080/17543266.2021.1990417?needAccess=true,,bronze,4,5,titulo-ancora,screening-required,Automação não substitui leitura ontológica.,2,1,8,Pode alcançar o limiar 7/10 após evidência documental e contribuição aplicável.,screening-required
X196,B04,20260831T003810Z,1.0.0,"""chatbot design"" user experience",OpenAlex,https://openalex.org/W2967737202,,The Impact of Anthropomorphic and Functional Chatbot Design Features in Enterprise Collaboration Systems on User Acceptance,2019,Tim Rietz; Ivo Benke; Alexander Maedche,article,"Information technology is rapidly changing the way how people collaborate in enterprises. Chatbots integrated into enterprise collaboration systems can strengthen collaboration culture and help reduce work overload. In light of a growing usage of chatbots in enterprise collaboration systems, we examine the influence of anthropomorphic and functional chatbot design features on user acceptance. We conducted a survey with professionals familiar with interacting with chatbots in a work environment. The results show a significant effect of anthropomorphic design features on perceived usefulness, with a strength four times the size of the effect of functional chatbot features. We suggest that researchers and practitioners alike dedicate priorities to anthropomorphic design features with the same magnitude as common for functional design features in chatbot design and research.",https://aisel.aisnet.org/wi2019/track13/papers/7,https://aisel.aisnet.org/cgi/viewcontent.cgi?article=1306&context=wi2019,,green,4,5,titulo-ancora,screening-required,Automação não substitui leitura ontológica.,2,0,7,Pode alcançar o limiar 7/10 após evidência documental e contribuição aplicável.,screening-required
X197,B04,20260831T003810Z,1.0.0,"""chatbot design"" user experience",OpenAlex,https://openalex.org/W4281654814,https://doi.org/10.1007/s12599-022-00755-x,Opposing Effects of Response Time in Human–Chatbot Interaction,2022,Ulrich Gnewuch; Stefan Morana; Marc T. P. Adam; Alexander Maedche,article,"Abstract Research has shown that employing social cues (e.g., name, human-like avatar) in chatbot design enhances users’ social presence perceptions and their chatbot usage intentions. However, the picture is less clear for the social cue of chatbot response time. While some researchers argue that instant responses make chatbots appear unhuman-like, others suggest that delayed responses are perceived less positively. Drawing on social response theory and expectancy violations theory, this study investigates whether users’ prior experience with chatbots clarifies the inconsistencies in the literature. In a lab experiment ( N = 202), participants interacted with a chatbot that responded either instantly or with a delay. The results reveal that a delayed response time has opposing effects on social presence and usage intentions and shed light on the differences between novice users and experienced users – that is, those who have not interacted with a chatbot before vs. those who have. This study contributes to information systems literature by identifying prior experience as a key moderating factor that shapes users’ social responses to chatbots and by reconciling inconsistencies in the literature regarding the role of chatbot response time. For practitioners, this study points out a drawback of the widely adopted “one-design-fits-all” approach to chatbot design.",https://doi.org/10.1007/s12599-022-00755-x,https://link.springer.com/content/pdf/10.1007/s12599-022-00755-x.pdf,cc-by,hybrid,3,5,sistema=2;produto-design=2,screening-required,Automação não substitui leitura ontológica.,2,0,7,Pode alcançar o limiar 7/10 após evidência documental e contribuição aplicável.,screening-required
X198,B04,20260831T003810Z,1.0.0,"""chatbot design"" user experience",OpenAlex,https://openalex.org/W2907742154,https://doi.org/10.1007/978-3-030-11051-2_89,A Study of User Experience in Knowledge-Based QA Chatbot Design,2019,Rongjia Liu; Zhanxun Dong,conference-paper,,https://doi.org/10.1007/978-3-030-11051-2_89,,,closed,4,6,titulo-ancora,screening-required,Automação não substitui leitura ontológica.,1,0,7,Pode alcançar o limiar 7/10 após evidência documental e contribuição aplicável.,screening-required
X199,B04,20260831T003810Z,1.0.0,"""chatbot design"" user experience",OpenAlex,https://openalex.org/W4410331522,https://doi.org/10.3389/fcomp.2025.1531976,Effect of anthropomorphism and perceived intelligence in chatbot avatars of visual design on user experience: accounting for perceived empathy and trust,2025,Ning Ma; Ruslana KHYNEVYCH; Yunqiang Hao; Yahui Wang,article,"Introduction The rapid advancement of intelligent chatbots has transformed human-AI interaction, offering novel opportunities to enhance user experience (UX) through psychological and design interventions. However, the mechanisms by which chatbot design features influence UX remain understudied, particularly regarding the roles of emotional and cognitive mediators. Methods This study employed a 2 × 2 within-subjects experimental design with 160 participants to investigate the effects of anthropomorphism (high vs. low) and perceived intelligence (high vs. low) in chatbot avatars on UX. Structural equation modeling (SEM) was utilized to analyze the mediating roles of perceived empathy and trust in this relationship. Results Direct effects of anthropomorphism and perceived intelligence on UX were nonsignificant. However, their combined influence was significantly mediated by perceived empathy and trust ( β = 0.48, * p * < 0.01). Specifically, highly anthropomorphic avatars correlated with elevated empathy ( β = 0.32) and trust ( β = 0.27), which in turn improved UX. Discussion These findings underscore the importance of emotional engagement over mere intelligence in designing effective chatbots. This research contributes unique insights into the complex mechanisms governing user interactions with intelligent chatbots, emphasizing the need for design strategies that prioritize emotional connections and cognitive ease.",https://doi.org/10.3389/fcomp.2025.1531976,https://www.frontiersin.org/journals/computer-science/articles/10.3389/fcomp.2025.1531976/pdf,cc-by,gold,3,6,sistema=2;produto-design=4,screening-required,Automação não substitui leitura ontológica.,2,1,9,Pode alcançar o limiar 7/10 após evidência documental e contribuição aplicável.,screening-required
X200,B04,20260831T003810Z,1.0.0,"""chatbot design"" user experience",OpenAlex,https://openalex.org/W4400425947,https://doi.org/10.1186/s40561-024-00319-4,Designing chatbots in language classrooms: an empirical investigation from user learning experience,2024,Watcharapol Wiboolyasarin; Kanokpan Wiboolyasarin; Phornrat Tiranant; Poomipat Boonyakitanont; Nattawut Jinowat,article,"Abstract Amidst the technological evolution shaping the landscape of education, this research critically examines the imperative factors influencing the design of language-teaching chatbots in Thai language classrooms. Employing a comprehensive two-pronged methodology, our study delves into the intricacies of chatbot design by engaging with a diverse participant pool of pre-service teachers, in-service teachers, and educators. The study included the chatbot design opinion survey, a validated scale assessing attitudes toward chatbot design, and semi-structured interviews with teachers, educators, and experts to offer qualitative insights. Our findings reveal five key factors influencing chatbot design: learner autonomy and self-directed learning, content and interaction design for language skill development, implementation and usage considerations, alternative learning approaches and flexibility, and content presentation and format. Concurrently, thematic analysis of interviews results in five overarching themes: enhancing interactive language learning, motivational learning experience, inclusive language learning journey, blended learning companion, and communicative proficiency coaching. These findings inform the development of effective chatbots for Thai language classrooms within the evolving landscape of technology-driven education. These findings inform the development of effective chatbots for language classrooms within the evolving landscape of technology-driven education.",https://doi.org/10.1186/s40561-024-00319-4,,cc-by,gold,3,6,sistema=2;produto-design=3,screening-required,Automação não substitui leitura ontológica.,1,1,8,Pode alcançar o limiar 7/10 após evidência documental e contribuição aplicável.,screening-required
