candidate_id,corpus_id,title,doi,url,license,version,source_name,path,downloaded,pdf_signature,bytes,sha256,content_type,retrieved_at,error
candidate-00001-CIT40001,candidate-00001,Usability testing of a healthcare chatbot: Can we use conventional methods to assess conversational user interfaces?,https://doi.org/10.1145/3335082.3335094,https://pure.ulster.ac.uk/ws/files/77598628/ECCE_2019_paper_39.pdf,,,CIT4,library/staging/master-citations-3/candidate-00001-CIT40001-Usability-testing-of-a-healthcare-chatbot-Can-we-use-conventional.pdf,true,true,3686769,bfabbaa6463e258f20fad2711a18c66d2205d2c2f012765bdf1ae430cf14f580,application/pdf,2026-09-07T23:36:58.799973+00:00,
candidate-00002-CIT40002,candidate-00002,Design and Evaluation Challenges of Conversational Agents in Health Care and Well-being: Selective Review Study,https://doi.org/10.2196/38525,https://www.jmir.org/2022/11/e38525/PDF,,,CIT4,library/staging/master-citations-3/candidate-00002-CIT40002-Design-and-Evaluation-Challenges-of-Conversational-Agents-in-Heal.pdf,true,false,0,e3b0c44298fc1c149afbf4c8996fb92427ae41e4649b934ca495991b7852b855,text/html; charset=UTF-8,2026-09-07T23:36:58.800557+00:00,response-is-not-pdf
candidate-00003-CIT40003,candidate-00003,Great Chain of Agents: The Role of Metaphorical Representation of Agents in Conversational Crowdsourcing,https://doi.org/10.1145/3491102.3517653,https://dl.acm.org/doi/pdf/10.1145/3491102.3517653,,,CIT4,library/staging/master-citations-3/candidate-00003-CIT40003-Great-Chain-of-Agents-The-Role-of-Metaphorical-Representation-of-.pdf,false,false,0,,,2026-09-07T23:36:58.804733+00:00,<HTTPError 403: 'Forbidden'>
candidate-00004-CIT40004,candidate-00004,Best Practices for Designing Chatbots in Mental Healthcare – A Case Study on iHelpr,https://doi.org/10.14236/ewic/hci2018.129,https://www.scienceopen.com/document_file/ae1b4701-1445-480b-ae95-9d3c393b5028/ScienceOpen/BHCI-2018_Cameron.pdf,,,CIT4,library/staging/master-citations-3/candidate-00004-CIT40004-Best-Practices-for-Designing-Chatbots-in-Mental-Healthcare-A-Case.pdf,false,false,0,,,2026-09-07T23:36:58.804733+00:00,<HTTPError 403: 'Forbidden'>
candidate-00005-CIT40005,candidate-00005,Designing Virtual In-vehicle Assistants: Design Guidelines for Creating a Convincing User Experience,https://doi.org/10.17705/1thci.00113,https://aisel.aisnet.org/cgi/viewcontent.cgi?article=1118&context=thci,,,CIT4,library/staging/master-citations-3/candidate-00005-CIT40005-Designing-Virtual-In-vehicle-Assistants-Design-Guidelines-for-Cre.pdf,false,false,0,,,2026-09-07T23:36:58.809416+00:00,<HTTPError 403: 'Forbidden'>
candidate-00006-CIT40006,candidate-00006,"Beyond interaction: Generative AI in conversational marketing - foundations, developments, and future directions",https://doi.org/10.15637/jlecon.2294,https://journals.gen.tr/index.php/jlecon/article/download/2294/1543,,,CIT4,library/staging/master-citations-3/candidate-00006-CIT40006-Beyond-interaction-Generative-AI-in-conversational-marketing-foun.pdf,true,true,529842,6a074896fe5d892e4d60829651f697b1130ec32b8854511288f36521f88547a7,application/pdf,2026-09-07T23:36:58.810766+00:00,
candidate-00007-CIT40007,candidate-00007,Addressing UX Practitioners’ Challenges in Designing ML Applications: an Interactive Machine Learning Approach,https://doi.org/10.1145/3581641.3584064,https://dl.acm.org/doi/pdf/10.1145/3581641.3584064,,,CIT4,library/staging/master-citations-3/candidate-00007-CIT40007-Addressing-UX-Practitioners-Challenges-in-Designing-ML-Applicatio.pdf,false,false,0,,,2026-09-07T23:36:58.903263+00:00,<HTTPError 403: 'Forbidden'>
candidate-00008-CIT40008,candidate-00008,"""Are we all in the same boat?"" Customizable and Evolving Avatars to Improve Worker Engagement and Foster a Sense of Community in Online Crowd Work",https://doi.org/10.1145/3613904.3642429,https://dl.acm.org/doi/pdf/10.1145/3613904.3642429,,,CIT4,library/staging/master-citations-3/candidate-00008-CIT40008-Are-we-all-in-the-same-boat-Customizable-and-Evolving-Avatars-to-.pdf,false,false,0,,,2026-09-07T23:36:58.919216+00:00,<HTTPError 403: 'Forbidden'>
candidate-00009-CIT40009,candidate-00009,Estimating Conversational Styles in Conversational Microtask Crowdsourcing,https://doi.org/10.1145/3392837,https://dl.acm.org/doi/pdf/10.1145/3392837,,,CIT4,library/staging/master-citations-3/candidate-00009-CIT40009-Estimating-Conversational-Styles-in-Conversational-Microtask-Crow.pdf,false,false,0,,,2026-09-07T23:36:59.177168+00:00,<HTTPError 403: 'Forbidden'>
candidate-00010-CIT40010,candidate-00010,Trainbot: A Conversational Interface to Train Crowd Workers for Delivering On-Demand Therapy,https://doi.org/10.1609/hcomp.v8i1.7458,https://ojs.aaai.org/index.php/HCOMP/article/download/7458/7303,,,CIT4,library/staging/master-citations-3/candidate-00010-CIT40010-Trainbot-A-Conversational-Interface-to-Train-Crowd-Workers-for-De.pdf,true,true,1457741,24509f270dddb8b64c7516c9880f7bca2e08c2e74fa9e2216a53b6ef49afaac8,application/pdf,2026-09-07T23:36:59.179184+00:00,
candidate-00011-CIT40011,candidate-00011,Back to the Future: Lessons from Knowledge Engineering Methodologies for Chatbot Design and Development,https://doi.org/10.14236/ewic/hci2018.153,https://www.scienceopen.com/document_file/f686bafb-67c6-4524-a14a-4abe7916bfa4/ScienceOpen/BHCI-2018_Gillian%20Cameron.pdf,,,CIT4,library/staging/master-citations-3/candidate-00011-CIT40011-Back-to-the-Future-Lessons-from-Knowledge-Engineering-Methodologi.pdf,false,false,0,,,2026-09-07T23:36:59.179184+00:00,<HTTPError 403: 'Forbidden'>
candidate-00012-CIT40012,candidate-00012,The Concept of a Smart City Communication in the Form of an Urban Mobile Application,https://doi.org/10.3390/su13179703,https://www.mdpi.com/2071-1050/13/17/9703/pdf,,,CIT4,library/staging/master-citations-3/candidate-00012-CIT40012-The-Concept-of-a-Smart-City-Communication-in-the-Form-of-an-Urban.pdf,false,false,0,,,2026-09-07T23:36:59.185555+00:00,<HTTPError 403: 'Forbidden'>
candidate-00013-CIT40013,candidate-00013,Design Guidelines for Creating a Convincing User Experience with Virtual In-vehicle Assistants,https://doi.org/10.24251/hicss.2019.580,http://scholarspace.manoa.hawaii.edu/bitstream/10125/59919/1/0479.pdf,,,CIT4,library/staging/master-citations-3/candidate-00013-CIT40013-Design-Guidelines-for-Creating-a-Convincing-User-Experience-with-.pdf,true,true,318308,6324863f1e660fd8ef6e8a99cd7b4e569b135201f0ce84dad2ead4fe723f5b26,application/pdf;charset=UTF-8,2026-09-07T23:36:59.234674+00:00,
candidate-00014-CIT40014,candidate-00014,Conversational Artificial Intelligence: Changing Tomorrow’s Health Care Today,https://doi.org/10.1109/mc.2021.3083155,https://ieeexplore.ieee.org/ielx7/2/9504456/09504493.pdf,,,CIT4,library/staging/master-citations-3/candidate-00014-CIT40014-Conversational-Artificial-Intelligence-Changing-Tomorrow-s-Health.pdf,true,true,712768,dd03dd01716af6b5b5504331d14a36a45dc273a1e6f18274f12ede4bd31b138d,application/pdf,2026-09-07T23:36:59.389573+00:00,
candidate-00015-CIT40015,candidate-00015,Leveraging Human-AI Collaboration in Crowd-Powered Source Search: A Preliminary Study,https://doi.org/10.23919/jsc.2023.0002,https://ieeexplore.ieee.org/ielx7/8964404/10239701/10241351.pdf,,,CIT4,library/staging/master-citations-3/candidate-00015-CIT40015-Leveraging-Human-AI-Collaboration-in-Crowd-Powered-Source-Search-.pdf,true,true,13640791,d0de654df86a5805541e2830dc98486376da6c5f82c8a5a9a0b373511fa07597,application/pdf,2026-09-07T23:36:59.408499+00:00,
candidate-00016-CIT40016,candidate-00016,Chatbot Language - crowdsource perceptions and reactions to dialogue systems to inform dialogue design decisions,https://doi.org/10.3758/s13428-022-01864-x,https://link.springer.com/content/pdf/10.3758/s13428-022-01864-x.pdf,,,CIT4,library/staging/master-citations-3/candidate-00016-CIT40016-Chatbot-Language-crowdsource-perceptions-and-reactions-to-dialogu.pdf,true,true,3188468,28f438cd4e6714360908f52b80b65b5bf2c8a2931f91c93b2f0be95eb45dd330,application/pdf,2026-09-07T23:36:59.509878+00:00,
candidate-00017-CIT40017,candidate-00017,Remote Work Aided by Conversational Agents,,http://resolver.tudelft.nl/uuid:d1dbe888-537d-4561-9c4b-b8928e19d070,,,CIT4,library/staging/master-citations-3/candidate-00017-CIT40017-Remote-Work-Aided-by-Conversational-Agents.pdf,true,false,30175,c47b07962f1c4b4ecac7c4ed0e78d8af1669eef8c57ebece7a71abaaa80cbe93,text/html; charset=utf-8,2026-09-07T23:36:59.547279+00:00,response-is-not-pdf
candidate-00018-CIT40018,candidate-00018,"Gender discrimination, glass ceiling and other obstacles faced by women in society",https://doi.org/10.15637/jlecon.2246,https://journals.gen.tr/index.php/jlecon/article/download/2246/1542,,,CIT4,library/staging/master-citations-3/candidate-00018-CIT40018-Gender-discrimination-glass-ceiling-and-other-obstacles-faced-by-.pdf,false,false,0,,,2026-09-07T23:37:00.458419+00:00,<HTTPError 404: 'Not Found'>
candidate-00019-CIT40019,candidate-00019,What can crowd computing do for the next generation of AI systems,,http://resolver.tudelft.nl/uuid:45bc18ea-62b1-4888-965e-641cbc461712,,,CIT4,library/staging/master-citations-3/candidate-00019-CIT40019-What-can-crowd-computing-do-for-the-next-generation-of-AI-systems.pdf,true,false,27976,12b1e2f82ca7d7aa7dee2ad55baf21cf8ef60b4d1f3e4bd907751ec2c8065cae,text/html; charset=utf-8,2026-09-07T23:37:01.032247+00:00,response-is-not-pdf
candidate-00020-CIT40020,candidate-00020,"Conversational Smart Products: A Research Opportunity, First Investigation And Definition",https://doi.org/10.21428/5395bc37.d8801b95,https://desform19.pubpub.org/pub/conversational-smart-products/download/pdf,,,CIT4,library/staging/master-citations-3/candidate-00020-CIT40020-Conversational-Smart-Products-A-Research-Opportunity-First-Invest.pdf,false,false,0,,,2026-09-07T23:37:01.235672+00:00,<HTTPError 403: 'Forbidden'>
candidate-00021-CIT40021,candidate-00021,Implementation of the Conversational Hybrid Design Model to Improve Usability in the FAQ,https://doi.org/10.29207/resti.v6i3.3816,http://jurnal.iaii.or.id/index.php/RESTI/article/download/3816/600,,,CIT4,library/staging/master-citations-3/candidate-00021-CIT40021-Implementation-of-the-Conversational-Hybrid-Design-Model-to-Impro.pdf,true,true,363414,2121b419886cb5d80eb98350e9afb8f935e62e65665caff6d1da6a65e8ef5f9d,application/pdf,2026-09-07T23:37:01.356544+00:00,
candidate-00022-CIT40022,candidate-00022,"Are You Flirting, Objectifying or What? a Conversation Analysis of “you’re very sexy” Conversational Turn",https://doi.org/10.31940/soshum.v10i3.1972,http://ojs.pnb.ac.id/index.php/SOSHUM/article/download/1972/1532,,,CIT4,library/staging/master-citations-3/candidate-00022-CIT40022-Are-You-Flirting-Objectifying-or-What-a-Conversation-Analysis-of-.pdf,false,false,0,,,2026-09-07T23:37:01.478882+00:00,<HTTPError 523: '<none>'>
candidate-00023-CIT40023,candidate-00023,Researching for GIS annotation,https://doi.org/10.1145/3490355.3490363,https://dl.acm.org/doi/pdf/10.1145/3490355.3490363,,,CIT4,library/staging/master-citations-3/candidate-00023-CIT40023-Researching-for-GIS-annotation.pdf,false,false,0,,,2026-09-07T23:37:03.136930+00:00,<HTTPError 403: 'Forbidden'>
candidate-00024-CIT40024,candidate-00024,The Effects of Response Time on Older and Young Adults’ Interaction Experience with Chatbot,https://doi.org/10.21203/rs.3.rs-3960036/v1,https://www.researchsquare.com/article/rs-3960036/latest.pdf,,,CIT4,library/staging/master-citations-3/candidate-00024-CIT40024-The-Effects-of-Response-Time-on-Older-and-Young-Adults-Interactio.pdf,true,true,1102506,d9868eb6a5c9eb2238fc0d29886687138b9eb5f6f9614c89131ecd76a5859e1c,application/pdf,2026-09-07T23:37:03.337985+00:00,
candidate-00025-CIT40025,candidate-00025,Understanding the user experience of customer service chatbots: An experimental study of chatbot interaction design,https://doi.org/10.1016/j.ijhcs.2022.102788,https://www.sciencedirect.com/science/article/pii/S1071581922000179/pdf,,,CIT4,library/staging/master-citations-3/candidate-00025-CIT40025-Understanding-the-user-experience-of-customer-service-chatbots-An.pdf,false,false,0,,,2026-09-07T23:37:03.344634+00:00,<HTTPError 403: 'Forbidden'>
candidate-00026-CIT40026,candidate-00026,Evaluating User Experience With a Chatbot Designed as a Public Health Response to the COVID-19 Pandemic in Brazil: Mixed Methods Study,https://doi.org/10.2196/43135,https://jmir.org/api/download?alt_name=humanfactors_v10i1e43135_app1.pdf&filename=7b3ff9378bf98201e44876499865db1e.pdf,,,CIT4,library/staging/master-citations-3/candidate-00026-CIT40026-Evaluating-User-Experience-With-a-Chatbot-Designed-as-a-Public-He.pdf,true,true,538300,7f74e8600cbe454d842c352043f8a17cfbaf63a490bbc26755ce17ed4d4501d6,application/octet-stream,2026-09-07T23:37:03.656948+00:00,
candidate-00027-CIT40027,candidate-00027,Trustworthy Embodied Conversational Agents for Healthcare,https://doi.org/10.1145/3571884.3597128,https://dl.acm.org/doi/pdf/10.1145/3571884.3597128,,,CIT4,library/staging/master-citations-3/candidate-00027-CIT40027-Trustworthy-Embodied-Conversational-Agents-for-Healthcare.pdf,false,false,0,,,2026-09-07T23:37:03.828302+00:00,<HTTPError 403: 'Forbidden'>
candidate-00028-CIT40028,candidate-00028,How to Make chatbots productive – A user-oriented implementation framework,https://doi.org/10.1016/j.ijhcs.2022.102921,https://www.sciencedirect.com/science/article/pii/S1071581922001410/pdf,,,CIT4,library/staging/master-citations-3/candidate-00028-CIT40028-How-to-Make-chatbots-productive-A-user-oriented-implementation-fr.pdf,false,false,0,,,2026-09-07T23:37:04.003874+00:00,<HTTPError 403: 'Forbidden'>
candidate-00029-CIT40029,candidate-00029,Leveraging Low Code Development of Smart Personal Assistants: An Integrated Design Approach with the SPADE Method,https://doi.org/10.1080/07421222.2023.2172776,https://www.tandfonline.com/doi/pdf/10.1080/07421222.2023.2172776?needAccess=true&role=button,,,CIT4,library/staging/master-citations-3/candidate-00029-CIT40029-Leveraging-Low-Code-Development-of-Smart-Personal-Assistants-An-I.pdf,false,false,0,,,2026-09-07T23:37:04.110660+00:00,<HTTPError 403: 'Forbidden'>
candidate-00030-CIT40030,candidate-00030,Measuring and Clustering Heterogeneous Chatbot Designs,https://doi.org/10.1145/3637228,https://dl.acm.org/doi/pdf/10.1145/3637228,,,CIT4,library/staging/master-citations-3/candidate-00030-CIT40030-Measuring-and-Clustering-Heterogeneous-Chatbot-Designs.pdf,false,false,0,,,2026-09-07T23:37:04.268261+00:00,<HTTPError 403: 'Forbidden'>
candidate-00031-CIT40031,candidate-00031,Automatic topic selection for long-term interaction with embodied conversational agents in health coaching: A micro-randomized trial,https://doi.org/10.1016/j.invent.2022.100502,https://www.sciencedirect.com/science/article/pii/S2214782922000094/pdf,,,CIT4,library/staging/master-citations-3/candidate-00031-CIT40031-Automatic-topic-selection-for-long-term-interaction-with-embodied.pdf,false,false,0,,,2026-09-07T23:37:04.423326+00:00,<HTTPError 403: 'Forbidden'>
candidate-00032-CIT40032,candidate-00032,Let’s Talk About CUIs: Putting Conversational User Interface Design Into Practice,https://doi.org/10.1145/3411763.3441336,https://cronfa.swan.ac.uk/Record/cronfa56148,,,CIT4,library/staging/master-citations-3/candidate-00032-CIT40032-Let-s-Talk-About-CUIs-Putting-Conversational-User-Interface-Desig.pdf,false,false,0,,,2026-09-07T23:37:04.525413+00:00,"URLError(TimeoutError(10060, 'Uma tentativa de conexão falhou porque o componente conectado não respondeu\r\ncorretamente após um período de tempo ou a conexão estabelecida falhou\r\nporque o host conectado não respondeu', None, 10060, None))"
candidate-00033-CIT40033,candidate-00033,Exploring the Customer Experience Regarding AI-Powered Fintech Chatbots in Terms of SOR Theory,https://doi.org/10.3390/jtaer21020049,https://www.mdpi.com/0718-1876/21/2/49/pdf,,,CIT4,library/staging/master-citations-3/candidate-00033-CIT40033-Exploring-the-Customer-Experience-Regarding-AI-Powered-Fintech-Ch.pdf,false,false,0,,,2026-09-07T23:37:04.569062+00:00,<HTTPError 403: 'Forbidden'>
candidate-00034-CIT40034,candidate-00034,From Writing Dialogue to Designing Conversation: Considering the potential of Conversation Analysis for Voice User Interfaces,https://doi.org/10.1145/3571884.3603758,https://dl.acm.org/doi/pdf/10.1145/3571884.3603758,,,CIT4,library/staging/master-citations-3/candidate-00034-CIT40034-From-Writing-Dialogue-to-Designing-Conversation-Considering-the-p.pdf,false,false,0,,,2026-09-07T23:37:04.701358+00:00,<HTTPError 403: 'Forbidden'>
candidate-00035-CIT40035,candidate-00035,Interfacing participation in citizen science projects with conversational agents,https://doi.org/10.15346/hc.v8i2.114,https://hcjournal.org/index.php/jhc/article/download/114/114,,,CIT4,library/staging/master-citations-3/candidate-00035-CIT40035-Interfacing-participation-in-citizen-science-projects-with-conver.pdf,true,true,755433,7d4c899768de4d8f356377204c52996c532ca8abd3f2120f2298f951834a403a,application/pdf,2026-09-07T23:37:04.901715+00:00,
candidate-00036-CIT40036,candidate-00036,Accomodating User Expressivity while Maintaining Safety for a Virtual Alcohol Misuse Counselor,https://doi.org/10.1145/3570945.3607361,https://dl.acm.org/doi/pdf/10.1145/3570945.3607361,,,CIT4,library/staging/master-citations-3/candidate-00036-CIT40036-Accomodating-User-Expressivity-while-Maintaining-Safety-for-a-Vir.pdf,false,false,0,,,2026-09-07T23:37:05.290550+00:00,<HTTPError 403: 'Forbidden'>
candidate-00037-CIT40037,candidate-00037,Comparing Command Construction in Native and Non-Native Speaker IPA Interaction through Conversation Analysis,https://doi.org/10.1145/3543829.3543839,https://dl.acm.org/doi/pdf/10.1145/3543829.3543839,,,CIT4,library/staging/master-citations-3/candidate-00037-CIT40037-Comparing-Command-Construction-in-Native-and-Non-Native-Speaker-I.pdf,false,false,0,,,2026-09-07T23:37:05.467773+00:00,<HTTPError 403: 'Forbidden'>
candidate-00038-CIT40038,candidate-00038,Effectiveness and User Perception of an In-Vehicle Voice Warning for Hypoglycemia: Development and Feasibility Trial,https://doi.org/10.2196/42823,https://humanfactors.jmir.org/2024/1/e42823/PDF,,,CIT4,library/staging/master-citations-3/candidate-00038-CIT40038-Effectiveness-and-User-Perception-of-an-In-Vehicle-Voice-Warning-.pdf,true,false,0,e3b0c44298fc1c149afbf4c8996fb92427ae41e4649b934ca495991b7852b855,text/html; charset=UTF-8,2026-09-07T23:37:05.672178+00:00,response-is-not-pdf
candidate-00039-CIT40039,candidate-00039,A Special Interest Group on Developing Theories of Language Use in Interaction with Conversational User Interfaces,https://doi.org/10.1145/3544549.3583179,https://dl.acm.org/doi/pdf/10.1145/3544549.3583179,,,CIT4,library/staging/master-citations-3/candidate-00039-CIT40039-A-Special-Interest-Group-on-Developing-Theories-of-Language-Use-i.pdf,false,false,0,,,2026-09-07T23:37:05.909627+00:00,<HTTPError 403: 'Forbidden'>
candidate-00040-CIT40040,candidate-00040,"Conversational Smart Products: A Research Opportunity, First Investigation And Definition",https://doi.org/10.21428/5395bc37.d8801b95,https://desform19.pubpub.org/pub/conversational-smart-products/download/pdf,,,CIT4,library/staging/master-citations-3/candidate-00040-CIT40040-Conversational-Smart-Products-A-Research-Opportunity-First-Invest.pdf,false,false,0,,,2026-09-07T23:37:05.998484+00:00,<HTTPError 403: 'Forbidden'>
candidate-00041-CIT40041,candidate-00041,Pembuatan File Input berbasis Chat untuk Screen-Smart Device Interaction (SSI),https://doi.org/10.25047/jtit.v8i1.221,http://jtit.polije.ac.id/index.php/jtit/article/download/221/128,,,CIT4,library/staging/master-citations-3/candidate-00041-CIT40041-Pembuatan-File-Input-berbasis-Chat-untuk-Screen-Smart-Device-Inte.pdf,false,false,0,,,2026-09-07T23:37:06.057619+00:00,"URLError(gaierror(11001, 'getaddrinfo failed'))"
candidate-00042-CIT40042,candidate-00042,How do you Converse with an Analytical Chatbot? Revisiting Gricean Maxims for Designing Analytical Conversational Behavior,https://doi.org/10.1145/3491102.3501972,https://dl.acm.org/doi/pdf/10.1145/3491102.3501972,,,CIT4,library/staging/master-citations-3/candidate-00042-CIT40042-How-do-you-Converse-with-an-Analytical-Chatbot-Revisiting-Gricean.pdf,false,false,0,,,2026-09-07T23:37:06.198557+00:00,<HTTPError 403: 'Forbidden'>
candidate-00043-CIT40043,candidate-00043,Explaining Recommendations through Conversations: Dialog Model and the Effects of Interface Type and Degree of Interactivity,https://doi.org/10.1145/3579541,https://dl.acm.org/doi/pdf/10.1145/3579541,,,CIT4,library/staging/master-citations-3/candidate-00043-CIT40043-Explaining-Recommendations-through-Conversations-Dialog-Model-and.pdf,false,false,0,,,2026-09-07T23:37:06.262882+00:00,<HTTPError 403: 'Forbidden'>
candidate-00044-CIT40044,candidate-00044,Importance of the perceived quality of touchpoints for customer journey analysis – evidence from the B2B sector,https://doi.org/10.1007/s10660-022-09654-5,https://link.springer.com/content/pdf/10.1007/s10660-022-09654-5.pdf,,,CIT4,library/staging/master-citations-3/candidate-00044-CIT40044-Importance-of-the-perceived-quality-of-touchpoints-for-customer-j.pdf,true,true,1279838,6276065266202544854332a661c59208ac7cd4a52dc6e40ece26334a212dd3ad,application/pdf,2026-09-07T23:37:06.466616+00:00,
candidate-00045-CIT40045,candidate-00045,A systematic review of the engagement with social media–delivered interventions for improving health outcomes among sexual and gender minorities,https://doi.org/10.1016/j.invent.2021.100428,https://www.sciencedirect.com/science/article/pii/S2214782921000683/pdf,,,CIT4,library/staging/master-citations-3/candidate-00045-CIT40045-A-systematic-review-of-the-engagement-with-social-media-delivered.pdf,false,false,0,,,2026-09-07T23:37:06.505651+00:00,<HTTPError 403: 'Forbidden'>
candidate-00046-CIT40046,candidate-00046,"Trends, Challenges and Processes in Conversational Agent Design: Exploring Practitioners’ Views through Semi-Structured Interviews",https://doi.org/10.1145/3571884.3597143,https://dl.acm.org/doi/pdf/10.1145/3571884.3597143,,,CIT4,library/staging/master-citations-3/candidate-00046-CIT40046-Trends-Challenges-and-Processes-in-Conversational-Agent-Design-Ex.pdf,false,false,0,,,2026-09-07T23:37:06.621903+00:00,<HTTPError 403: 'Forbidden'>
candidate-00047-CIT40047,candidate-00047,Automating the measurement of heterogeneous chatbot designs,https://doi.org/10.1145/3477314.3507255,https://repositorio.uam.es/bitstream/10486/711653/1/automating_ca%c3%b1izares_SAC_2022.pdf,,,CIT4,library/staging/master-citations-3/candidate-00047-CIT40047-Automating-the-measurement-of-heterogeneous-chatbot-designs.pdf,true,true,1802460,2b4ab838562e32d4e8f14925b18db6244e9d76201d7c72224ac104251a1bee14,application/pdf;charset=UTF-8,2026-09-07T23:37:06.808089+00:00,
candidate-00048-CIT40048,candidate-00048,"Constructing A Conversation-First Dialogue Model for Comprehensive, Evidence-Based Counseling for HPV Vaccination for Young Adults",https://doi.org/10.1007/978-3-031-93502-2_5,https://pmc.ncbi.nlm.nih.gov/articles/PMC12231740/pdf/nihms-2092027.pdf,,,CIT4,library/staging/master-citations-3/candidate-00048-CIT40048-Constructing-A-Conversation-First-Dialogue-Model-for-Comprehensiv.pdf,true,false,21471,66dd821a99f1d0bd8a37dd0ec29913ef5825516d8b82b6183d71a55f4ab6df2e,text/html; charset=utf-8,2026-09-07T23:37:07.824513+00:00,response-is-not-pdf
candidate-00049-CIT40049,candidate-00049,The (Ir)relevance of Ethnomethodology and Conversation Analysis for Technology Companies: Incommensurability in Action,https://doi.org/10.1007/s10746-025-09809-x,https://link.springer.com/content/pdf/10.1007/s10746-025-09809-x.pdf,,,CIT4,library/staging/master-citations-3/candidate-00049-CIT40049-The-Ir-relevance-of-Ethnomethodology-and-Conversation-Analysis-fo.pdf,true,true,1177287,49a1bab1b4f3c246adb80e7493ad4baa3dda2471a2cc5a457fc8fd7989f53e86,application/pdf,2026-09-07T23:37:08.247421+00:00,
candidate-00050-CIT40050,candidate-00050,Cross-Modal Repair: Gaze and Speech Interaction for List Advancement,https://doi.org/10.1145/3543829.3543833,https://dl.acm.org/doi/pdf/10.1145/3543829.3543833,,,CIT4,library/staging/master-citations-3/candidate-00050-CIT40050-Cross-Modal-Repair-Gaze-and-Speech-Interaction-for-List-Advanceme.pdf,false,false,0,,,2026-09-07T23:37:09.441476+00:00,<HTTPError 403: 'Forbidden'>
candidate-00051-CIT40051,candidate-00051,A Conversational Interface Agent for the Export Business Acceleration: A Systematic Review,https://doi.org/10.54692/lgurjcsit.2023.0702430,https://lgurjcsit.lgu.edu.pk/index.php/lgurjcsit/article/download/430/242,,,CIT4,library/staging/master-citations-3/candidate-00051-CIT40051-A-Conversational-Interface-Agent-for-the-Export-Business-Accelera.pdf,false,false,0,,,2026-09-07T23:37:09.642169+00:00,<HTTPError 404: 'Not Found'>
candidate-00052-CIT40052,candidate-00052,Euphonia,https://doi.org/10.1145/3383668.3419913,https://discovery.dundee.ac.uk/files/52328607/Euphonia_Clark_et_al.pdf,,,CIT4,library/staging/master-citations-3/candidate-00052-CIT40052-Euphonia.pdf,false,false,0,,,2026-09-07T23:37:10.420701+00:00,<HTTPError 403: 'Forbidden'>
candidate-00053-CIT40053,candidate-00053,Practical applications of naturalistic inquiry in intercultural education,https://doi.org/10.47989/kpdc127,https://journals.hb.se/jphe/article/download/127/182,,,CIT4,library/staging/master-citations-3/candidate-00053-CIT40053-Practical-applications-of-naturalistic-inquiry-in-intercultural-e.pdf,false,false,0,,,2026-09-07T23:37:10.524837+00:00,"URLError(gaierror(11001, 'getaddrinfo failed'))"
candidate-00054-CIT40054,candidate-00054,AI (Artificial Intelligence) in Daily Life,https://doi.org/10.36227/techrxiv.170751714.46556037/v1,https://www.techrxiv.org/doi/pdf/10.36227/techrxiv.170751714.46556037,,,CIT4,library/staging/master-citations-3/candidate-00054-CIT40054-AI-Artificial-Intelligence-in-Daily-Life.pdf,false,false,0,,,2026-09-07T23:37:10.868062+00:00,<HTTPError 403: 'Forbidden'>
candidate-00055-CIT40055,candidate-00055,Everything Counts: The Managed Omnirelevance of Speech in Human–Voice Agent Interaction,https://doi.org/10.1145/3820655,https://arxiv.org/pdf/2510.22610,,,CIT4,library/staging/master-citations-3/candidate-00055-CIT40055-Everything-Counts-The-Managed-Omnirelevance-of-Speech-in-Human-Vo.pdf,true,true,10479978,99caef104e3095508131372d9f7636dda0147aeecb55ea7608c9241486bec71d,application/pdf,2026-09-07T23:37:10.982783+00:00,
candidate-00056-CIT40056,candidate-00056,Towards Augmented Reality Driven Human-City Interaction: Current Research on Mobile Headsets and Future Challenges,https://doi.org/10.1145/3467963,https://oulurepo.oulu.fi/bitstream/10024/29725/1/nbnfi-fe2021111555106.pdf,,,CIT4,library/staging/master-citations-3/candidate-00056-CIT40056-Towards-Augmented-Reality-Driven-Human-City-Interaction-Current-R.pdf,false,false,0,,,2026-09-07T23:37:11.052498+00:00,<HTTPError 403: 'Forbidden'>
candidate-00057-CIT40057,candidate-00057,Fridolin: participatory design and evaluation of a nutrition chatbot for older adults,https://doi.org/10.1515/icom-2022-0042,https://www.degruyter.com/document/doi/10.1515/icom-2022-0042/pdf,,,CIT4,library/staging/master-citations-3/candidate-00057-CIT40057-Fridolin-participatory-design-and-evaluation-of-a-nutrition-chatb.pdf,true,false,0,e3b0c44298fc1c149afbf4c8996fb92427ae41e4649b934ca495991b7852b855,text/html; charset=UTF-8,2026-09-07T23:37:11.161202+00:00,response-is-not-pdf
candidate-00058-CIT40058,candidate-00058,Investigating politeness strategies in chatbots through the lens of Conversation Analysis,https://doi.org/10.1145/3638067.3638068,https://dl.acm.org/doi/pdf/10.1145/3638067.3638068,,,CIT4,library/staging/master-citations-3/candidate-00058-CIT40058-Investigating-politeness-strategies-in-chatbots-through-the-lens-.pdf,false,false,0,,,2026-09-07T23:37:11.248877+00:00,<HTTPError 403: 'Forbidden'>
candidate-00059-CIT40059,candidate-00059,Automating the measurement of heterogeneous chatbot designs,https://doi.org/10.1145/3477314.3507255,https://repositorio.uam.es/bitstream/10486/711653/1/automating_ca%c3%b1izares_SAC_2022.pdf,,,CIT4,library/staging/master-citations-3/candidate-00059-CIT40059-Automating-the-measurement-of-heterogeneous-chatbot-designs.pdf,true,true,1802460,2b4ab838562e32d4e8f14925b18db6244e9d76201d7c72224ac104251a1bee14,application/pdf;charset=UTF-8,2026-09-07T23:37:11.380401+00:00,
candidate-00060-CIT40060,candidate-00060,A Conversational User Interface for Instructional Maintenance Reports,https://doi.org/10.1145/3543829.3544516,https://dl.acm.org/doi/pdf/10.1145/3543829.3544516,,,CIT4,library/staging/master-citations-3/candidate-00060-CIT40060-A-Conversational-User-Interface-for-Instructional-Maintenance-Rep.pdf,false,false,0,,,2026-09-07T23:37:12.315084+00:00,<HTTPError 403: 'Forbidden'>
candidate-00061-CIT40061,candidate-00061,Unifying Recommender Systems and Conversational User Interfaces,https://doi.org/10.1145/3543829.3544524,https://dl.acm.org/doi/pdf/10.1145/3543829.3544524,,,CIT4,library/staging/master-citations-3/candidate-00061-CIT40061-Unifying-Recommender-Systems-and-Conversational-User-Interfaces.pdf,false,false,0,,,2026-09-07T23:37:12.461750+00:00,<HTTPError 403: 'Forbidden'>
candidate-00062-CIT40062,candidate-00062,Understanding Collaborative Practices and Tools of Professional UX Practitioners in Software Organizations,https://doi.org/10.1145/3544548.3581273,https://dl.acm.org/doi/pdf/10.1145/3544548.3581273,,,CIT4,library/staging/master-citations-3/candidate-00062-CIT40062-Understanding-Collaborative-Practices-and-Tools-of-Professional-U.pdf,false,false,0,,,2026-09-07T23:37:12.652978+00:00,<HTTPError 403: 'Forbidden'>
candidate-00063-CIT40063,candidate-00063,"Trends, Challenges and Processes in Conversational Agent Design: Exploring Practitioners’ Views through Semi-Structured Interviews",https://doi.org/10.1145/3571884.3597143,https://dl.acm.org/doi/pdf/10.1145/3571884.3597143,,,CIT4,library/staging/master-citations-3/candidate-00063-CIT40063-Trends-Challenges-and-Processes-in-Conversational-Agent-Design-Ex.pdf,false,false,0,,,2026-09-07T23:37:12.753494+00:00,<HTTPError 403: 'Forbidden'>
candidate-00064-CIT40064,candidate-00064,Let’s Talk About CUIs: Putting Conversational User Interface Design Into Practice,https://doi.org/10.1145/3411763.3441336,https://cronfa.swan.ac.uk/Record/cronfa56148,,,CIT4,library/staging/master-citations-3/candidate-00064-CIT40064-Let-s-Talk-About-CUIs-Putting-Conversational-User-Interface-Desig.pdf,false,false,0,,,2026-09-07T23:37:12.769596+00:00,"URLError(TimeoutError(10060, 'Uma tentativa de conexão falhou porque o componente conectado não respondeu\r\ncorretamente após um período de tempo ou a conexão estabelecida falhou\r\nporque o host conectado não respondeu', None, 10060, None))"
candidate-00065-CIT40065,candidate-00065,Automating the measurement of heterogeneous chatbot designs,https://doi.org/10.1145/3477314.3507255,https://repositorio.uam.es/bitstream/10486/711653/1/automating_ca%c3%b1izares_SAC_2022.pdf,,,CIT4,library/staging/master-citations-3/candidate-00065-CIT40065-Automating-the-measurement-of-heterogeneous-chatbot-designs.pdf,true,true,1802460,2b4ab838562e32d4e8f14925b18db6244e9d76201d7c72224ac104251a1bee14,application/pdf;charset=UTF-8,2026-09-07T23:37:12.919005+00:00,
candidate-00066-CIT40066,candidate-00066,"Form to Flow: Exploring Challenges and Roles of Conversational UX Designers in Real-world, Multi-channel Service Environments",https://doi.org/10.1145/3610189,https://dl.acm.org/doi/pdf/10.1145/3610189,,,CIT4,library/staging/master-citations-3/candidate-00066-CIT40066-Form-to-Flow-Exploring-Challenges-and-Roles-of-Conversational-UX-.pdf,false,false,0,,,2026-09-07T23:37:13.485547+00:00,<HTTPError 403: 'Forbidden'>
candidate-00067-CIT40067,candidate-00067,Certified data chats for future used car markets,https://doi.org/10.1007/s12525-024-00725-z,https://link.springer.com/content/pdf/10.1007/s12525-024-00725-z.pdf,,,CIT4,library/staging/master-citations-3/candidate-00067-CIT40067-Certified-data-chats-for-future-used-car-markets.pdf,true,true,3426845,29cb20e7f2ce480804d473618585797a4f3be12cdc48733069a1e1e4e5577e15,application/pdf,2026-09-07T23:37:13.819336+00:00,
candidate-00068-CIT40068,candidate-00068,Aprimorando a Experiência dos Desenvolvedores (DevEx) para a Implementação Bem-Sucedida de um Design System,https://doi.org/10.5753/ihc_estendido.2024.241401,https://sol.sbc.org.br/index.php/ihc_estendido/article/download/30673/30476,,,CIT4,library/staging/master-citations-3/candidate-00068-CIT40068-Aprimorando-a-Experi-ncia-dos-Desenvolvedores-DevEx-para-a-Implem.pdf,true,true,96409,b09414e36ccaa17b85c504fc2c4133496e49281f6e2e2353f59fa3364f0057c7,application/pdf,2026-09-07T23:37:16.707518+00:00,
candidate-00069-CIT40069,candidate-00069,"Evolution of Design Systems as a Tool for Ensuring Scalability of Digital Products: Analysis of the Impact of Architectural Principles, Tokenization, and Component Modeling on Interface Consistency",https://doi.org/10.70315/uloap.ulirs.2026.0303007,https://doi.org/10.70315/uloap.ulirs.2026.0303007,,,CIT4,library/staging/master-citations-3/candidate-00069-CIT40069-Evolution-of-Design-Systems-as-a-Tool-for-Ensuring-Scalability-of.pdf,true,true,534163,dd569235f836faf775bc53bec9e14dd4200c10dcfcebd5cdb2e60de6cebb6392,application/pdf,2026-09-07T23:37:17.157638+00:00,
candidate-00070-CIT40070,candidate-00070,Computational Sociolinguistics: A Survey,https://doi.org/10.1162/coli_a_00258,https://www.mitpressjournals.org/doi/pdf/10.1162/COLI_a_00258,,,CIT4,library/staging/master-citations-3/candidate-00070-CIT40070-Computational-Sociolinguistics-A-Survey.pdf,true,true,529060,450892e5e7fbe1fdccc278a5a1464b08ac9413bfbf87011ef66b6ff9c09a1140,application/pdf,2026-09-07T23:37:18.108805+00:00,
candidate-00071-CIT40071,candidate-00071,Design and Evaluation Challenges of Conversational Agents in Health Care and Well-being: Selective Review Study,https://doi.org/10.2196/38525,https://www.jmir.org/2022/11/e38525/PDF,,,CIT4,library/staging/master-citations-3/candidate-00071-CIT40071-Design-and-Evaluation-Challenges-of-Conversational-Agents-in-Heal.pdf,true,false,0,e3b0c44298fc1c149afbf4c8996fb92427ae41e4649b934ca495991b7852b855,text/html; charset=UTF-8,2026-09-07T23:37:18.276655+00:00,response-is-not-pdf
candidate-00072-CIT40072,candidate-00072,User Experience and Usability of Voice User Interfaces: A Systematic Literature Review,https://doi.org/10.3390/info15090579,https://www.mdpi.com/2078-2489/15/9/579/pdf?version=1726738877,,,CIT4,library/staging/master-citations-3/candidate-00072-CIT40072-User-Experience-and-Usability-of-Voice-User-Interfaces-A-Systemat.pdf,false,false,0,,,2026-09-07T23:37:18.859894+00:00,<HTTPError 403: 'Forbidden'>
candidate-00073-CIT40073,candidate-00073,Ethics of Conversational User Interfaces,https://doi.org/10.1145/3491101.3503699,https://eprints.gla.ac.uk/285185/1/285185.pdf,,,CIT4,library/staging/master-citations-3/candidate-00073-CIT40073-Ethics-of-Conversational-User-Interfaces.pdf,true,true,797860,10550ac02eb42f0a1335b80aa8739e1e4311d94fb2564650651245fa92c67349,application/pdf,2026-09-07T23:37:18.983874+00:00,
candidate-00074-CIT40074,candidate-00074,Let’s Talk About CUIs: Putting Conversational User Interface Design Into Practice,https://doi.org/10.1145/3411763.3441336,https://cronfa.swan.ac.uk/Record/cronfa56148,,,CIT4,library/staging/master-citations-3/candidate-00074-CIT40074-Let-s-Talk-About-CUIs-Putting-Conversational-User-Interface-Desig.pdf,false,false,0,,,2026-09-07T23:37:19.849250+00:00,"URLError(TimeoutError(10060, 'Uma tentativa de conexão falhou porque o componente conectado não respondeu\r\ncorretamente após um período de tempo ou a conexão estabelecida falhou\r\nporque o host conectado não respondeu', None, 10060, None))"
candidate-00075-CIT40075,candidate-00075,From Writing Dialogue to Designing Conversation: Considering the potential of Conversation Analysis for Voice User Interfaces,https://doi.org/10.1145/3571884.3603758,https://dl.acm.org/doi/pdf/10.1145/3571884.3603758,,,CIT4,library/staging/master-citations-3/candidate-00075-CIT40075-From-Writing-Dialogue-to-Designing-Conversation-Considering-the-p.pdf,false,false,0,,,2026-09-07T23:37:20.905052+00:00,<HTTPError 403: 'Forbidden'>
candidate-00076-CIT40076,candidate-00076,Conversational User Interfaces to support Astronauts in Extraterrestrial Habitats,https://doi.org/10.1145/3490632.3490673,https://dl.acm.org/doi/pdf/10.1145/3490632.3490673,,,CIT4,library/staging/master-citations-3/candidate-00076-CIT40076-Conversational-User-Interfaces-to-support-Astronauts-in-Extraterr.pdf,false,false,0,,,2026-09-07T23:37:21.106100+00:00,<HTTPError 403: 'Forbidden'>
candidate-00077-CIT40077,candidate-00077,Voice Assistants' Accountability through Explanatory Dialogues,https://doi.org/10.1145/3640794.3665557,https://pure.tue.nl/ws/files/344877738/3640794.3665557.pdf,,,CIT4,library/staging/master-citations-3/candidate-00077-CIT40077-Voice-Assistants-Accountability-through-Explanatory-Dialogues.pdf,true,true,799656,37a90ed0086d8256b45a9bf43471a0ee6fd584f52b71a94e92f13c6a5336836b,application/pdf,2026-09-07T23:37:21.185562+00:00,
candidate-00078-CIT40078,candidate-00078,Concevoir pour des activités instrumentées par des chatbots,https://doi.org/10.4000/activites.7428,https://journals.openedition.org/activites/pdf/7428,,,CIT4,library/staging/master-citations-3/candidate-00078-CIT40078-Concevoir-pour-des-activit-s-instrument-es-par-des-chatbots.pdf,true,true,673552,37f8f5cd625d7bcac341ec233cc66702c7b779969707a28292d0cea31f3bd020,application/pdf,2026-09-07T23:37:21.316616+00:00,
candidate-00079-CIT40079,candidate-00079,Résumé de thèse. “Soutenir la dimension constructive de l’activité instrumentée par des dispositifs techniques à base d’intelligence artificielle : une approche développementale de la conception centrée sur le modèle du sujet capable”,https://doi.org/10.4000/activites.8541,https://journals.openedition.org/activites/pdf/8541,,,CIT4,library/staging/master-citations-3/candidate-00079-CIT40079-R-sum-de-th-se-Soutenir-la-dimension-constructive-de-l-activit-in.pdf,true,true,163527,32cef671d19bb73e2afc54e5f2d38303f9a3edd9bdf0fffcdda2de51d56101d6,application/pdf,2026-09-07T23:37:23.133082+00:00,
candidate-00080-CIT40080,candidate-00080,“I wrote as if I were telling a story to someone I knew.”: Designing Chatbot Interactions for Expressive Writing in Mental Health,https://doi.org/10.1145/3461778.3462143,https://dl.acm.org/doi/pdf/10.1145/3461778.3462143,,,CIT4,library/staging/master-citations-3/candidate-00080-CIT40080-I-wrote-as-if-I-were-telling-a-story-to-someone-I-knew-Designing-.pdf,false,false,0,,,2026-09-07T23:37:25.597846+00:00,<HTTPError 403: 'Forbidden'>
candidate-00081-CIT40081,candidate-00081,aCHAT-WF: Generating conversational agents for teaching business process models,https://doi.org/10.1007/s10270-021-00925-7,https://link.springer.com/content/pdf/10.1007/s10270-021-00925-7.pdf,,,CIT4,library/staging/master-citations-3/candidate-00081-CIT40081-aCHAT-WF-Generating-conversational-agents-for-teaching-business-p.pdf,true,true,3224643,e75023e2098cdbec6cf87edba1c6777b30d8dfccfe4fbdd5d492c72fa909bd33,application/pdf,2026-09-07T23:37:25.621872+00:00,
candidate-00082-CIT40082,candidate-00082,User Interactions With a Municipality Chatbot—Lessons Learnt From Dialogue Analysis,https://doi.org/10.1080/10447318.2023.2238355,https://www.tandfonline.com/doi/pdf/10.1080/10447318.2023.2238355?download=true,,,CIT4,library/staging/master-citations-3/candidate-00082-CIT40082-User-Interactions-With-a-Municipality-Chatbot-Lessons-Learnt-From.pdf,false,false,0,,,2026-09-07T23:37:25.788628+00:00,<HTTPError 403: 'Forbidden'>
candidate-00083-CIT40083,candidate-00083,Collaborating with a Text-Based Chatbot: An Exploration of Real-World Collaboration Strategies Enacted during Human-Chatbot Interactions,https://doi.org/10.1145/3544548.3580995,https://dl.acm.org/doi/pdf/10.1145/3544548.3580995,,,CIT4,library/staging/master-citations-3/candidate-00083-CIT40083-Collaborating-with-a-Text-Based-Chatbot-An-Exploration-of-Real-Wo.pdf,false,false,0,,,2026-09-07T23:37:25.930666+00:00,<HTTPError 403: 'Forbidden'>
candidate-00084-CIT40084,candidate-00084,A Chatbot Solution for eGLU-Box Pro: The Usability Evaluation Platform for Italian Public Administrations,https://doi.org/10.1007/978-3-030-78462-1_20,https://ris.utwente.nl/ws/files/263893995/10.1007_978_3_030_78462_1_20.pdf,,,CIT4,library/staging/master-citations-3/candidate-00084-CIT40084-A-Chatbot-Solution-for-eGLU-Box-Pro-The-Usability-Evaluation-Plat.pdf,true,true,623220,476bf836a9e9a535ddf261ed764cf10981a018953166ebabca827099f8d0cf53,application/pdf,2026-09-07T23:37:26.062811+00:00,
candidate-00085-CIT40085,candidate-00085,Designing SpeechActs,https://doi.org/10.1145/223904.223952,https://dl.acm.org/doi/pdf/10.1145/223904.223952,,,CIT4,library/staging/master-citations-3/candidate-00085-CIT40085-Designing-SpeechActs.pdf,false,false,0,,,2026-09-07T23:37:26.196257+00:00,<HTTPError 403: 'Forbidden'>
candidate-00086-CIT40086,candidate-00086,Natural language processing,https://doi.org/10.1002/aris.1440370103,https://onlinelibrary.wiley.com/doi/pdfdirect/10.1002/aris.1440370103,,,CIT4,library/staging/master-citations-3/candidate-00086-CIT40086-Natural-language-processing.pdf,false,false,0,,,2026-09-07T23:37:26.353625+00:00,<HTTPError 403: 'Forbidden'>
candidate-00087-CIT40087,candidate-00087,How Turn-Taking Strategies Influence Users’ Impressions of an Agent,https://doi.org/10.1007/978-3-642-15892-6_48,https://ris.utwente.nl/ws/files/5392095/IVA_2010.pdf,,,CIT4,library/staging/master-citations-3/candidate-00087-CIT40087-How-Turn-Taking-Strategies-Influence-Users-Impressions-of-an-Agen.pdf,true,true,194806,958c4bb3e965347938663962bfe2e92bf2475c25323925e8b3243c0aeb544214,application/octet-stream,2026-09-07T23:37:26.413201+00:00,
candidate-00088-CIT40088,candidate-00088,A Comparative Study to Understanding about Poetics Based on Natural Language Processing,https://doi.org/10.4236/ojml.2017.75017,https://content.scirp.org/pdf/ojml_2017093010141907.pdf,,,CIT4,library/staging/master-citations-3/candidate-00088-CIT40088-A-Comparative-Study-to-Understanding-about-Poetics-Based-on-Natur.pdf,true,true,332066,03e973578e8fcd6288f5a092f4d5ce2a0b324e69a7cd0858eb513530aa7d3f2f,application/pdf,2026-09-07T23:37:26.487497+00:00,
candidate-00089-CIT40089,candidate-00089,How Should My Chatbot Interact? A Survey on Social Characteristics in Human–Chatbot Interaction Design,https://doi.org/10.1080/10447318.2020.1841438,https://arxiv.org/pdf/1904.02743,,,CIT4,library/staging/master-citations-3/candidate-00089-CIT40089-How-Should-My-Chatbot-Interact-A-Survey-on-Social-Characteristics.pdf,true,true,976643,2f376d0d7be572715f1aaabd8e1db66daf542351037f62fc90c93dce6e21c283,application/pdf,2026-09-07T23:37:27.486066+00:00,
candidate-00090-CIT40090,candidate-00090,Entity-Relation Extraction as Multi-Turn Question Answering,https://doi.org/10.18653/v1/p19-1129,https://www.aclweb.org/anthology/P19-1129.pdf,,,CIT4,library/staging/master-citations-3/candidate-00090-CIT40090-Entity-Relation-Extraction-as-Multi-Turn-Question-Answering.pdf,true,true,495523,c4cb28052435a242c1b89e584f38a7d0638e0b2e1759ef3fe3b49623666a1470,application/pdf,2026-09-07T23:37:27.510912+00:00,
candidate-00091-CIT40091,candidate-00091,Finding a New Voice: Transitioning Designers from GUI to VUI Design,https://doi.org/10.1145/3469595.3469617,https://cronfa.swan.ac.uk/Record/cronfa57478,,,CIT4,library/staging/master-citations-3/candidate-00091-CIT40091-Finding-a-New-Voice-Transitioning-Designers-from-GUI-to-VUI-Desig.pdf,false,false,0,,,2026-09-07T23:37:27.776581+00:00,"URLError(TimeoutError(10060, 'Uma tentativa de conexão falhou porque o componente conectado não respondeu\r\ncorretamente após um período de tempo ou a conexão estabelecida falhou\r\nporque o host conectado não respondeu', None, 10060, None))"
candidate-00092-CIT40092,candidate-00092,The benefits and dangers of anthropomorphic conversational agents,https://doi.org/10.1073/pnas.2415898122,https://www.pnas.org/doi/pdf/10.1073/pnas.2415898122,,,CIT4,library/staging/master-citations-3/candidate-00092-CIT40092-The-benefits-and-dangers-of-anthropomorphic-conversational-agents.pdf,false,false,0,,,2026-09-07T23:37:27.884751+00:00,<HTTPError 403: 'Forbidden'>
candidate-00093-CIT40093,candidate-00093,"Everything you wanted to know about ChatGPT : Components, capabilities, applications, and opportunities",https://doi.org/10.1002/itl2.530,https://onlinelibrary.wiley.com/doi/pdfdirect/10.1002/itl2.530,,,CIT4,library/staging/master-citations-3/candidate-00093-CIT40093-Everything-you-wanted-to-know-about-ChatGPT-Components-capabiliti.pdf,false,false,0,,,2026-09-07T23:37:28.225833+00:00,<HTTPError 403: 'Forbidden'>
candidate-00094-CIT40094,candidate-00094,Interactive repair and the foundations of language,https://doi.org/10.1016/j.tics.2023.09.003,https://repository.ubn.ru.nl/bitstream/handle/2066/309688/1/309688.pdf,,,CIT4,library/staging/master-citations-3/candidate-00094-CIT40094-Interactive-repair-and-the-foundations-of-language.pdf,false,false,0,,,2026-09-07T23:37:28.379916+00:00,<HTTPError 403: 'Forbidden'>
candidate-00095-CIT40095,candidate-00095,From Writing Dialogue to Designing Conversation: Considering the potential of Conversation Analysis for Voice User Interfaces,https://doi.org/10.1145/3571884.3603758,https://dl.acm.org/doi/pdf/10.1145/3571884.3603758,,,CIT4,library/staging/master-citations-3/candidate-00095-CIT40095-From-Writing-Dialogue-to-Designing-Conversation-Considering-the-p.pdf,false,false,0,,,2026-09-07T23:37:29.091352+00:00,<HTTPError 403: 'Forbidden'>
candidate-00096-CIT40096,candidate-00096,From clicks to conversations: the rise of conversational UI powered by ai,https://doi.org/10.30574/gjeta.2025.23.3.0172,https://gjeta.com/sites/default/files/GJETA-2025-0172.pdf,,,CIT4,library/staging/master-citations-3/candidate-00096-CIT40096-From-clicks-to-conversations-the-rise-of-conversational-UI-powere.pdf,true,true,739593,5fd8e873c05c1f0d851b7ee15dcf4cfbb7ffdac071f77b7cc868c0f4bede32ab,application/pdf,2026-09-07T23:37:29.341375+00:00,
candidate-00097-CIT40097,candidate-00097,You Can Do It! or Can We? Personal Pronouns and Their Impact on Consumer Goal Pursuit,https://doi.org/10.1002/mar.70005,https://onlinelibrary.wiley.com/doi/pdfdirect/10.1002/mar.70005,,,CIT4,library/staging/master-citations-3/candidate-00097-CIT40097-You-Can-Do-It-or-Can-We-Personal-Pronouns-and-Their-Impact-on-Con.pdf,false,false,0,,,2026-09-07T23:37:29.499203+00:00,<HTTPError 403: 'Forbidden'>
candidate-00098-CIT40098,candidate-00098,DECI: A Tutorial on Designing Effective Conversational Interfaces,https://doi.org/10.1145/3581754.3584165,https://dl.acm.org/doi/pdf/10.1145/3581754.3584165,,,CIT4,library/staging/master-citations-3/candidate-00098-CIT40098-DECI-A-Tutorial-on-Designing-Effective-Conversational-Interfaces.pdf,false,false,0,,,2026-09-07T23:37:29.608371+00:00,<HTTPError 403: 'Forbidden'>
candidate-00099-CIT40099,candidate-00099,WEB PROGRAMMING AND MOBILE DEVELOPMENT: UX/UI SOLUTIONS FOR PROTECTING USERS' PERSONAL DATA,https://doi.org/10.28925/2663-4023.2025.30.992,https://csecurity.kubg.edu.ua/index.php/journal/article/download/992/825,,,CIT4,library/staging/master-citations-3/candidate-00099-CIT40099-WEB-PROGRAMMING-AND-MOBILE-DEVELOPMENT-UX-UI-SOLUTIONS-FOR-PROTEC.pdf,true,true,724869,4741c193dbf15f3897bfb9bf4fa41913a8413318efad29a021a13f997427dce5,application/pdf,2026-09-07T23:37:29.916660+00:00,
candidate-00100-CIT40100,candidate-00100,A Survey of Standardized Approaches towards the Quality of Experience Evaluation for Video Services: An ITU Perspective,https://doi.org/10.1155/2018/1391724,http://downloads.hindawi.com/journals/ijdmb/2018/1391724.pdf,,,CIT4,library/staging/master-citations-3/candidate-00100-CIT40100-A-Survey-of-Standardized-Approaches-towards-the-Quality-of-Experi.pdf,false,false,0,,,2026-09-07T23:37:30.342471+00:00,<HTTPError 403: 'Forbidden'>
candidate-00101-CIT40101,candidate-00101,Evolution of Semantic Similarity—A Survey,https://doi.org/10.1145/3440755,https://arxiv.org/pdf/2004.13820,,,CIT4,library/staging/master-citations-3/candidate-00101-CIT40101-Evolution-of-Semantic-Similarity-A-Survey.pdf,true,true,2784225,9292af948f204d5110af5e204f8efb30d4fedb83a29d3a313d6d7bf84a80322b,application/pdf,2026-09-07T23:37:30.738048+00:00,
candidate-00102-CIT40102,candidate-00102,Measuring Voice UX Quantitatively,https://doi.org/10.1145/3411763.3451712,https://arxiv.org/pdf/2103.07108,,,CIT4,library/staging/master-citations-3/candidate-00102-CIT40102-Measuring-Voice-UX-Quantitatively.pdf,true,true,710926,c95e2c40b4939a497f349224d777b38226d1e6f7ed9a28657495fbef8a60aee5,application/pdf,2026-09-07T23:37:31.761580+00:00,
candidate-00103-CIT40103,candidate-00103,A Systematic Review of Voice Assistant Usability: An ISO 9241–11 Approach,https://doi.org/10.1007/s42979-022-01172-3,https://link.springer.com/content/pdf/10.1007/s42979-022-01172-3.pdf,,,CIT4,library/staging/master-citations-3/candidate-00103-CIT40103-A-Systematic-Review-of-Voice-Assistant-Usability-An-ISO-9241-11-A.pdf,true,false,376941,c2235feb31e0569dda0818c03dddc980b0eb3c1d9049273afabf255b320dc703,text/html; charset=utf-8,2026-09-07T23:37:32.293203+00:00,response-is-not-pdf
candidate-00104-CIT40104,candidate-00104,Artificial intelligence (AI) for user experience (UX) design: a systematic literature review and future research agenda,https://doi.org/10.1108/itp-07-2022-0519,https://durham-repository.worktribe.com/preview/1719195/1718378AAM.pdf,,,CIT4,library/staging/master-citations-3/candidate-00104-CIT40104-Artificial-intelligence-AI-for-user-experience-UX-design-a-system.pdf,false,false,0,,,2026-09-07T23:37:32.365717+00:00,<HTTPError 403: 'Forbidden'>
candidate-00105-CIT40105,candidate-00105,Evaluating ChatGPT: Generative AI in UX Design and Web Development Pedagogy,https://doi.org/10.1145/3615335.3623035,https://dl.acm.org/doi/pdf/10.1145/3615335.3623035,,,CIT4,library/staging/master-citations-3/candidate-00105-CIT40105-Evaluating-ChatGPT-Generative-AI-in-UX-Design-and-Web-Development.pdf,false,false,0,,,2026-09-07T23:37:32.384533+00:00,<HTTPError 403: 'Forbidden'>
candidate-00106-CIT40106,candidate-00106,"Editorial: Written by ChatGPT, illustrated by Midjourney: generative AI for content marketing",https://doi.org/10.1108/apjml-10-2023-994,https://www.emerald.com/insight/content/doi/10.1108/APJML-10-2023-994/full/pdf?title=editorial-written-by-chatgpt-illustrated-by-midjourney-generative-ai-for-content-marketing,,,CIT4,library/staging/master-citations-3/candidate-00106-CIT40106-Editorial-Written-by-ChatGPT-illustrated-by-Midjourney-generative.pdf,false,false,0,,,2026-09-07T23:37:32.586557+00:00,<HTTPError 403: 'Forbidden'>
candidate-00107-CIT40107,candidate-00107,Unlocking the Black Box: Exploring the use of Generative AI (ChatGPT) in Information Systems Research,https://doi.org/10.1145/3628454.3629998,https://dl.acm.org/doi/pdf/10.1145/3628454.3629998,,,CIT4,library/staging/master-citations-3/candidate-00107-CIT40107-Unlocking-the-Black-Box-Exploring-the-use-of-Generative-AI-ChatGP.pdf,false,false,0,,,2026-09-07T23:37:32.601811+00:00,<HTTPError 403: 'Forbidden'>
candidate-00108-CIT40108,candidate-00108,University Students’ Acceptance and Usage of Generative AI (ChatGPT) from a Psycho-Technical Perspective,https://doi.org/10.1145/3628454.3629552,https://dl.acm.org/doi/pdf/10.1145/3628454.3629552,,,CIT4,library/staging/master-citations-3/candidate-00108-CIT40108-University-Students-Acceptance-and-Usage-of-Generative-AI-ChatGPT.pdf,false,false,0,,,2026-09-07T23:37:32.884095+00:00,<HTTPError 403: 'Forbidden'>
candidate-00109-CIT40109,candidate-00109,A Review of Subjective Scales Measuring the User Experience of Voice Assistants,https://doi.org/10.1109/access.2024.3358423,https://ieeexplore.ieee.org/ielx7/6287639/6514899/10414039.pdf,,,CIT4,library/staging/master-citations-3/candidate-00109-CIT40109-A-Review-of-Subjective-Scales-Measuring-the-User-Experience-of-Vo.pdf,true,true,1520633,76280a4fc88871018b53eee97c94f2cdeb726f2ff86b51bf74b6bf7bfcbd8c8c,application/pdf,2026-09-07T23:37:33.026889+00:00,
