title,doi,semantic_scholar_id,resolved,open_access_pdf_url,open_access_status,landing_url,retrieved_at,error
Polite or Direct? Conversation Design of a Smart Display for Older Adults Based on Politeness Theory,10.1145/3491102.3517525,,false,,,,2026-08-31T01:24:04.801321+00:00,<HTTPError 429: ''>
Toward Metaphor-Fluid Conversation Design for Voice User Interfaces,10.1145/3816046.3816223,,false,,,,2026-08-31T01:24:06.246252+00:00,<HTTPError 429: ''>
Factors Affecting Conversation Design for Digital Political Personae,10.26686/wgtn.17148509.v1,,false,,,,2026-08-31T01:24:07.563927+00:00,<HTTPError 429: ''>
Conversation Design: The Evolving Paradigm in Technical and Professional Communication,10.1145/3787586.3787589,,false,,,,2026-08-31T01:24:08.910059+00:00,<HTTPError 429: ''>
Conversational Design Patterns for a UX Evaluation Instrument Implemented by Voice,10.1007/978-3-030-96293-7_44,,false,,,,2026-08-31T01:24:10.210994+00:00,<HTTPError 429: ''>
Designing Embodied Virtual Agent in E-commerce System Recommendations using Conversational Design Interaction,10.1109/icaicta53211.2021.9640258,ec5f701e9e9a4ecd36d9e5918ffa4c8ac27cfdcb,true,,,https://www.semanticscholar.org/paper/ec5f701e9e9a4ecd36d9e5918ffa4c8ac27cfdcb,2026-08-31T01:24:11.550677+00:00,
Impact of politeness and performance quality of android robots on future interaction decisions: a conversational design perspective,10.3389/frobt.2024.1393456,,false,,,,2026-08-31T01:24:12.888734+00:00,<HTTPError 429: ''>
Communicating Service Offers in a Conversational User Interface,10.1145/3441000.3441046,,false,,,,2026-08-31T01:24:14.200975+00:00,<HTTPError 429: ''>
Conversational UX Design: A Practitioner's Guide to the Natural Conversation Framework,10.1145/3304087,,false,,,,2026-08-31T01:24:15.522329+00:00,<HTTPError 429: ''>
Conversational UX Design,10.1145/3027063.3027077,,false,,,,2026-08-31T01:24:16.847382+00:00,<HTTPError 429: ''>
Conversational UX design process,10.1145/3304087.3304096,,false,,,,2026-08-31T01:24:18.178886+00:00,<HTTPError 429: ''>
Design Systems for Conversational UX,10.1145/3405755.3406150,,false,,,,2026-08-31T01:24:19.484243+00:00,<HTTPError 429: ''>
Voice-based Conversational UX Studies and Design,10.1145/3170427.3170619,,false,,,,2026-08-31T01:24:20.800118+00:00,<HTTPError 429: ''>
The IBM natural conversation framework: a new paradigm for conversational UX design,10.1080/07370024.2022.2081571,,false,,,,2026-08-31T01:24:22.141947+00:00,<HTTPError 429: ''>
"Form to Flow: Exploring Challenges and Roles of Conversational UX Designers in Real-world, Multi-channel Service Environments",10.1145/3610189,,false,,,,2026-08-31T01:24:23.445554+00:00,<HTTPError 429: ''>
Evaluating User Experience With a Chatbot Designed as a Public Health Response to the COVID-19 Pandemic in Brazil: Mixed Methods Study,10.2196/43135,,false,,,,2026-08-31T01:24:24.774028+00:00,<HTTPError 429: ''>
Accessible conversational user interfaces,10.1145/3371300.3383343,,false,,,,2026-08-31T01:24:26.075487+00:00,<HTTPError 429: ''>
Usability guidelines and evaluation criteria for conversational user interfaces,10.1145/3404983.3405505,,false,,,,2026-08-31T01:24:27.405135+00:00,<HTTPError 429: ''>
CUI@CHI: Mapping Grand Challenges for the Conversational User Interface Community,10.1145/3334480.3375152,,false,,,,2026-08-31T01:24:28.712657+00:00,<HTTPError 429: ''>
Listening to the Voices: Describing Ethical Caveats of Conversational User Interfaces According to Experts and Frequent Users,10.1145/3613904.3642542,,false,,,,2026-08-31T01:24:30.010639+00:00,<HTTPError 429: ''>
CUI@CSCW: Collaborating through Conversational User Interfaces,10.1145/3406865.3418587,,false,,,,2026-08-31T01:24:31.337245+00:00,<HTTPError 429: ''>
Implementing an accessible conversational user interface,10.1145/3430263.3452431,,false,,,,2026-08-31T01:24:32.669718+00:00,<HTTPError 429: ''>
Let’s Talk About CUIs: Putting Conversational User Interface Design Into Practice,10.1145/3411763.3441336,,false,,,,2026-08-31T01:24:33.981577+00:00,<HTTPError 429: ''>
Introduction to this special issue: guiding the conversation: new theory and design perspectives for conversational user interfaces,10.1080/07370024.2022.2161905,,false,,,,2026-08-31T01:24:35.289183+00:00,<HTTPError 429: ''>
User Preference and Categories for Error Responses in Conversational User Interfaces,10.1145/3405755.3406126,,false,,,,2026-08-31T01:24:36.603187+00:00,<HTTPError 429: ''>
Conversational User Interfaces in Smart Homecare Interactions: A Conversation Analytic Case Study,10.1145/3571884.3597140,511049b5e9a3a825988b6a16fb4191aa3b8d71f8,true,https://doi.org/10.1145/3571884.3597140,GOLD,https://www.semanticscholar.org/paper/511049b5e9a3a825988b6a16fb4191aa3b8d71f8,2026-08-31T01:24:37.939091+00:00,
Who are CUIs Really For? Representation and Accessibility in the Conversational User Interface Literature,10.1145/3571884.3603760,,false,,,,2026-08-31T01:24:39.340205+00:00,<HTTPError 429: ''>
Design Issues for Conversational User Interfaces: Animating and Controlling 3D Faces,10.1007/978-0-306-47002-8_20,,false,,,,2026-08-31T01:24:40.307987+00:00,<HTTPError 429: ''>
Conversational User Interfaces to support Astronauts in Extraterrestrial Habitats,10.1145/3490632.3490673,,false,,,,2026-08-31T01:24:41.262427+00:00,<HTTPError 429: ''>
Time to Get Conversational: Assessment of the Potential of Conversational User Interfaces for Mobile Banking,10.1145/3473856.3473872,,false,,,,2026-08-31T01:24:42.597876+00:00,<HTTPError 429: ''>
Unifying Recommender Systems and Conversational User Interfaces,10.1145/3543829.3544524,,false,,,,2026-08-31T01:24:43.543224+00:00,<HTTPError 429: ''>
Key Principles Pertinent to User Experience Design for Conversational User Interfaces: A Conceptual Learning Model,10.1007/978-3-031-40113-8_17,,false,,,,2026-08-31T01:24:44.858820+00:00,<HTTPError 429: ''>
"Seeking Truth, Comfort, and Connection: How Conversational User Interfaces can help Couples with Dementia Manage Reality Disjunction",10.1145/3640794.3665547,,false,,,,2026-08-31T01:24:45.831380+00:00,<HTTPError 429: ''>
Voice User Interface Design,10.1007/978-1-4842-4125-7,aaf536600aca2c278d2b26cce0dc294e67f05cbd,true,https://link.springer.com/content/pdf/bfm:978-1-4842-4125-7/1,GREEN,https://www.semanticscholar.org/paper/aaf536600aca2c278d2b26cce0dc294e67f05cbd,2026-08-31T01:24:46.881064+00:00,
Systematic Review: Trust-Building Factors and Implications for Conversational Agent Design,10.1080/10447318.2020.1807710,,false,,,,2026-08-31T01:24:47.887727+00:00,<HTTPError 429: ''>
"The TRISEC framework for optimizing conversational agent design across search, experience and credence service contexts",10.1108/josm-10-2021-0402,,false,,,,2026-08-31T01:24:49.191685+00:00,<HTTPError 429: ''>
Conversational Agent Design for Algebra Tutoring,10.1109/smc53654.2022.9945524,,false,,,,2026-08-31T01:24:50.516036+00:00,<HTTPError 429: ''>
Mental health management as a social endeavour: Challenges and opportunities for conversational agent design,10.1016/j.ijhcs.2025.103618,,false,,,,2026-08-31T01:24:51.826984+00:00,<HTTPError 429: ''>
From Human Pragmatic Language Skills to Conversational Agent Design: A Systematic Review of Transfer Strategies,10.1145/3772318.3792787,,false,,,,2026-08-31T01:24:53.160497+00:00,<HTTPError 429: ''>
Designing Conversational Agents to Support Student Teacher Learning in Virtual Reality Simulation: A Case Study,10.1145/3613905.3637145,,false,,,,2026-08-31T01:24:54.471636+00:00,<HTTPError 429: ''>
"Co-designing conversational agents with older people: A scoping review of methods, challenges, and a way forward",10.1016/j.chbr.2025.100606,,false,,,,2026-08-31T01:24:55.802027+00:00,<HTTPError 429: ''>
Designing Conversational Agents for Emotional Self-Awareness,10.1109/aciiw59127.2023.10388072,0b93a9b9b0a550c980d267c6d4bde07069e81fe3,true,,,https://www.semanticscholar.org/paper/0b93a9b9b0a550c980d267c6d4bde07069e81fe3,2026-08-31T01:24:57.123755+00:00,
Designing Conversational Agents to Facilitate Patient-Physician Communication and Clinical Consultation,10.1145/3613905.3638176,,false,,,,2026-08-31T01:24:58.119703+00:00,<HTTPError 429: ''>
Designing Conversational Agents to Support Social Prescribing for Young People,10.14236/ewic/bcshci2025.28,,false,,,,2026-08-31T01:24:59.430879+00:00,<HTTPError 429: ''>
Designing Conversational Agents for Older Adults: Effects of Conversational Form and Nonverbal Factors on Mobile Banking Experiences,10.1080/10447318.2025.2491024,,false,,,,2026-08-31T01:25:00.771438+00:00,<HTTPError 429: ''>
Designing Conversational Agents to Support Learning from Scientific Graphs,10.24251/hicss.2026.608,,false,,,,2026-08-31T01:25:02.076676+00:00,<HTTPError 429: ''>
Designing Conversational Agents in Copilot Studio for Enterprise Automation and Compliance,10.1109/icscds65426.2025.11165793,,false,,,,2026-08-31T01:25:03.374604+00:00,<HTTPError 429: ''>
From Modeling Multimodal and Multiparty Interactions to Designing Conversational Agents,10.1145/2666242.2666252,,false,,,,2026-08-31T01:25:04.712928+00:00,<HTTPError 429: ''>
Designing conversational Agents for adaptive instructional support in business simulation gaming,10.1016/j.caeai.2026.100576,,false,,,,2026-08-31T01:25:06.037712+00:00,<HTTPError 429: ''>
PhysB: a framework for designing conversational agents to support physical activity in adolescents,10.1186/s41043-026-01254-5,,false,,,,2026-08-31T01:25:07.418474+00:00,<HTTPError 429: ''>
Shaping user input: a strategy for natural language dialogue design,10.1016/0953-5438(89)90012-x,,false,,,,2026-08-31T01:25:08.381992+00:00,<HTTPError 429: ''>
Chatbot Language - crowdsource perceptions and reactions to dialogue systems to inform dialogue design decisions,10.3758/s13428-022-01864-x,,false,,,,2026-08-31T01:25:09.720762+00:00,<HTTPError 429: ''>
Chatbot Design and Implementation: Towards an Operational Model for Chatbots,10.3390/info15040226,5ad7895a680ccab2e674e7a61f9096be3dbfd93f,true,https://www.mdpi.com/2078-2489/15/4/226/pdf?version=1713360983,GOLD,https://www.semanticscholar.org/paper/5ad7895a680ccab2e674e7a61f9096be3dbfd93f,2026-08-31T01:25:11.037340+00:00,
Heuristics Based User Experience Evaluation for Identifying Challenges in IoT Enabled Conversational Agent Design,10.1145/3765766.3765824,,false,,,,2026-08-31T01:25:12.001865+00:00,<HTTPError 429: ''>
Gender Bender Bot - The Effect of (Not) Following Gender Stereotypes in Conversational Agent Design,10.55432/978-1-6692-0005-5_12,,false,,,,2026-08-31T01:25:13.302235+00:00,<HTTPError 429: ''>
